日期,文章数,市场倾向,市场阶段,摘要,热门板块,热门个股,高关注偏强板块,高关注分化板块,高关注退潮板块,高关注状态不明板块
2026-09-03,17,谨慎偏空,分歧|退潮|混沌,多数作者认为市场成交额回落、高位股负反馈与断板增多，短线情绪处于分歧后的退潮或混沌阶段。资金虽仍在低位、防御及局部新题材间轮动，但持续性和容错率受到质疑；少数作者认为指数在3920至3930点附近仍可能出现技术性修复。,,国芳集团|集泰股份|竞业达|金健米业|神奇制药|万向德农|龙版传媒|内蒙一机,军工,液冷服务器|AI应用/传媒|大消费/零售|航运港口|油气产业链|机器人,农业|医药|AI硬件/半导体,
2026-09-04,6,谨慎偏弱,退潮|分歧|混沌,多篇观点共同将市场描述为退潮或弱势震荡阶段，高位股负反馈、热点快速轮动及题材持续性不足被反复提及。部分作者看到局部修复或低位新题材，但普遍认为修复尚未形成明确的新主线，仍需观察量能、高位股止跌和情绪改善。,,国芳集团|深中华A|楚天龙|集泰股份|龙版传媒|哈药股份|内蒙一机|浪潮信息,,AI应用/传媒/短剧|农业/种植业/养殖业|金融/证券/非银金融,AI硬件/半导体/算力硬件,军工
2026-09-07,8,谨慎偏弱,退潮|分歧|混沌,多数作者将市场描述为指数弱势震荡或冲高回落、热点高速轮动、高位连板承接偏弱且炸板较多的环境。多篇观点认为短线情绪仍在退潮或分歧阶段，尚未形成稳定主线，后续重点在于观察量能、情绪修复及新共识方向能否出现。,,龙版传媒|集泰股份|国芳集团|楚天龙|亚盛集团|浪潮信息|欢瑞世纪|翠微股份,数字货币/数字人民币/跨境支付,农业/养殖/猪肉|AI应用/传媒/短剧|零售/大消费|金融/证券,液冷服务器/算力硬件|半导体芯片/AI硬件,
2026-09-08,33,谨慎中性,分歧|高低切换|轮动,多数作者将当日市场描述为沪强深弱、成交维持较高水平但增量有限的结构性轮动行情。观点普遍认为高位科技硬件出现兑现或分化，资金转向农业农化、资源、医药及部分消费等低位或事件驱动方向；个股广度尚可，但高位连板、炸板和尾盘回落现象使次日分歧风险受到普遍关注。,,亚盛集团|龙版传媒|中国出版|敦煌种业|中石科技|百大集团|爱仕达|奥浦迈,农业农化（种业、粮食、糖、化肥、农药）|化工及化肥,科技硬件（AI算力、光通信、PCB、半导体、液冷）|出版传媒及AI应用|医药医疗服务及CRO|大消费及商业连锁|资源品（油气、有色、煤炭）,,
2026-09-09,26,谨慎偏空,分歧|退潮|混沌,多数作者将市场描述为缩量震荡、指数偏强但个股跌多涨少的结构性行情，并认为高位题材与连板情绪受监管、异动核查和负反馈影响而降温。资金在作者观点中更多转向煤炭、航运、贵金属、银行、电力等防御或低位轮动方向；农业、消费虽仍有资金关注，但内部高低切换和高位分歧明显。,,百大集团|龙版传媒|金健米业|金正大|华脉科技|新赛股份|亚盛集团|云煤能源|湖南黄金|招商轮船,煤炭|航运港口|银行及大金融,农业/粮食/种业|科技硬件/通信/光通信/PCB|大消费/商超零售|贵金属/有色金属|电力/军工,传媒/游戏/AI应用|医药,
2026-09-10,30,偏谨慎偏空,缩量|分歧|退潮|局部冰点,多数作者认为市场处于成交萎缩、个股普跌及高位题材负反馈扩散的退潮阶段，权重与防御板块对指数形成一定支撑，但尚未形成能够承接旧周期的容量主线。电力、银行、PCB/覆铜板及部分涨价资源方向获得局部资金关注，持续性仍需成交量、连板梯队和核心股反馈验证。,,闽东电力|桂林旅游|金安国纪|中粮糖业|华银电力|华脉科技|鼎信通讯|亚盛集团|金健米业|百大集团,银行/大金融|玻纤/电子布,电力/绿电/智能电网/算电协同|PCB/覆铜板/铜箔/玻纤/电子元件|光通信/CPO/算力硬件|大消费/旅游/零售|煤炭/油气/化工/能源链|医药,农业/糖业/种植业/农化,
2026-09-11,17,谨慎,退潮|冰点|分歧|局部修复,多数作者将市场描述为放量普跌、高位题材退潮与短线情绪承压并存的阶段，午后科技硬件方向出现局部回流或修复，但普遍认为尚不足以确认全面反转，后续仍需观察指数止跌、量能、连板负反馈和主线持续性。,,闽东电力|超声电子|风华高科|双星新材|崇达技术|中际旭创|国芳集团|桂林旅游|百大集团|瑞尔特,AI硬件（PCB、MLCC、元件、铜缆、光通信）|PCB|MLCC/被动元件,电力/电网|军工,农业|消费/零售/旅游|有色金属/贵金属/资源|大金融,
2026-09-14,37,谨慎,退潮|分歧|修复,多数作者将市场描述为缩量背景下的弱修复或冰点后修复：个股普涨与局部题材活跃并未消除高位股负反馈、炸板及轮动快的问题。共识倾向于认为市场尚未形成明确的全面进攻主线，仍需通过成交回升、连板高度改善及高位风险股止跌来验证修复质量。,,闽东电力|超声电子|中新赛克|国芳集团|双星新材|龙版传媒|桂林旅游|万邦医药|金健米业|瑞尔特,PCB/元件/MLCC,医药/创新药/CRO|电力/绿电|网络安全/AI安全|大消费/零售/旅游|汽车/新能源汽车|培育钻石/新材料,农业/种植业|通信/CPO/光模块|军工,
2026-09-15,33,谨慎偏空,退潮|分歧,多数作者将市场描述为缩量、个股普跌与高位题材退潮并存的阶段，认为旧周期的农业、消费等方向仍在出清，资金集中于PCB、半导体等少数硬科技细分，但其扩散性、量能与趋势确认仍不足。少数作者认为科创及科技短线存在修复或新周期雏形，但未改变整体谨慎判断。,,闽东电力|中新赛克|双星新材|超声电子|澳弘电子|华正新材|金健米业|国芳集团|宁德时代,PCB及电子材料产业链|半导体、存储及半导体设备,风电及电力|AI安全及网络安全|MLCC及被动元件|电池及新能源,农业及粮食概念|消费、零售及旅游,
2026-09-16,38,谨慎偏多,修复|分歧,多篇文章共同将当日市场描述为放量普涨后的情绪修复，资金明显向半导体、算力硬件、光通信/CPO及PCB等科技成长方向集中。与此同时，多数作者认为修复后的持续性仍需量能、核心标的承接及外部事件落地验证，高位旧周期负反馈和科技内部获利分化尚未完全消失。,,闽东电力|澳弘电子|通鼎互联|博汇科技|光迅科技|中晶科技|超声电子|中新赛克|桂林旅游|国芳集团,半导体/芯片产业链|光通信/CPO/光模块/光纤|PCB/电子元器件/覆铜板|算力硬件/AI硬件,福建/电力/风电|AI应用/数据安全/网络安全,消费/旅游|农业/养殖|银行/保险等防御权重,
