股票代码,股票名称,最新收盘,ret1,ret5,ret10,ret20,ret40,ret60,ret120,amp5,距20日高点,前10日区间振幅,振幅收敛比,近5日平均成交量,前10日平均成交量,成交量收敛比,近5日平均换手率,前10日平均换手率,换手率收敛比,流动性收敛证据,MA5_3日斜率,MA10_3日斜率,短期下行停止证据,整理证据可用项,整理收敛支持项,整理成熟度状态,距250日高点,250日位置,MA20距离,MA30_5日斜率,MA60_10日斜率,MA120_20日斜率,距稳健5日上沿,近5日低点,近10日低点,距近5日低点,距近10日低点,最近25日曾涨停,25日内涨停次数,最近涨停日期,涨停板规则,涨停核验交易日数,25日最大单日涨幅,阶段2分,长期趋势证据,右上角位置证据,40日仍活证据,长期下降修复惩罚,二级结构延续贡献,阶段3分,生命周期标签,阶段3通过,阶段3风险提示,阶段3规则说明,阶段排名,本阶段入选,阶段软容量下限,阶段软容量上限,实际入选数,边界分数,决策说明,阶段2通过,基础整理条件,整理成熟,振幅收敛,流动性收敛,短期下行停止,中期趋势仍活,稳健上沿核心区,稳健上沿宽区,阶段2风险提示,阶段2规则说明
603083,剑桥科技,224.46,-0.042528686601544186,0.19209729672314002,0.16766373614940444,0.20794317081046176,0.2749786992331724,0.046677547213802795,0.9501303214596004,0.17611866501854143,-0.05637533106318571,0.21672619047619046,0.8126321264244702,32057551.4,22942663.5,1.3972898743862063,0.11368786592459033,0.0832497512512982,1.3656240915532762,False,0.12546500518366432,0.04995508379196023,True,3,2,部分收敛/待确认,-0.14715604696227058,0.7952959830866809,0.16104103679526593,0.07376937168886455,0.012442948639060702,0.08298772874743676,-0.01587162399158193,202.25,176.92,0.1098145859085291,0.26870902102645267,True,3,2026-09-07,沪深主板10%,25,10.001592610288256,13,3,2,1,0,2.7727272727272725,8.772727272727273,右上角/高位趋势,True,,生命周期否决/修正：重点排除长期下降修复；不把接近250日高点或累计涨幅本身当成越高越好,1,True,,,76,1.7159090909090908,入选：满足三级生命周期筛选资格条件；本阶段不设置数量下限或上限,True,True,True,True,False,True,True,True,True,,核心：振幅、流动性（成交量/换手合并）与短期止跌三类证据中至少两类支持+40日趋势仍活；缺失量价/换手必须明示；2%-6%单日加速仅为中等证据
603228,景旺电子,111.75,0.01581674393236976,0.15995432842017854,0.19009584664536727,0.1401897765534128,0.5585774058577406,0.3786084381939303,0.9434782608695653,0.15230847285641813,-0.015938710813666823,0.15525700934579448,0.9810086739284714,44581450.6,36836680.3,1.2102461523928367,0.04632060588784915,0.03751148761727935,1.2348378811431608,False,0.11876425972744653,0.053048505387738754,True,3,2,部分收敛/待确认,-0.015938710813666823,0.971192105681999,0.15557026229118298,0.06500472741107388,0.052454749140980805,0.08111537040020456,-0.011061946902654829,98.55,85.6,0.1339421613394216,0.3054906542056075,True,2,2026-09-07,沪深主板10%,25,10.002240143369168,13,3,2,1,0,2.7727272727272725,8.772727272727273,右上角/高位趋势,True,40日加速较大：仅作趋势成熟风险提示，不单独判尾端,生命周期否决/修正：重点排除长期下降修复；不把接近250日高点或累计涨幅本身当成越高越好,1,True,,,76,1.7159090909090908,入选：满足三级生命周期筛选资格条件；本阶段不设置数量下限或上限,True,True,True,True,False,True,True,True,True,,核心：振幅、流动性（成交量/换手合并）与短期止跌三类证据中至少两类支持+40日趋势仍活；缺失量价/换手必须明示；2%-6%单日加速仅为中等证据
603261,立航科技,56.9,-0.021496130696474602,-0.014206514206514198,-0.0017543859649122862,0.01426024955436711,0.20168954593453003,0.2709403618494526,0.8237179487179487,0.09246009906439184,-0.11919504643962842,0.35600335852225007,0.2597169292115347,2136100.0,2914770.0,0.7328537071535661,0.0235442807822182,0.03760749851796694,0.6260528274958236,True,0.0006326666900988709,0.006231794509665489,True,3,3,收敛较充分,-0.11919504643962842,0.8296836982968371,0.037261192941519417,0.04077401520387025,0.07385824684745002,0.10559941072280132,-0.0445004198152813,54.51,53.95,0.04384516602458266,0.05468025949953659,True,2,2026-08-27,沪深主板10%,25,10.009587727708524,12,3,2,1,0,2.590909090909091,8.59090909090909,右上角/高位趋势,True,,生命周期否决/修正：重点排除长期下降修复；不把接近250日高点或累计涨幅本身当成越高越好,3,True,,,76,1.7159090909090908,入选：满足三级生命周期筛选资格条件；本阶段不设置数量下限或上限,True,True,True,True,True,True,True,False,True,,核心：振幅、流动性（成交量/换手合并）与短期止跌三类证据中至少两类支持+40日趋势仍活；缺失量价/换手必须明示；2%-6%单日加速仅为中等证据
002963,豪尔赛,20.13,-0.034069097888675626,-0.0004965243296922717,0.05117493472584855,0.12899607403252955,0.34199999999999986,0.03283735248845554,0.38065843621399176,0.13867876954109937,-0.18104149715215623,0.4416422287390028,0.31400704125839907,10574287.4,16246874.5,0.650850562057336,0.0846487710818544,0.10879093235205432,0.7780866406027814,True,0.021948402002310408,-0.001891000775795293,True,3,3,收敛较充分,-0.18104149715215623,0.6547711404189295,0.01736032143127897,0.07743325526932088,0.021348220827034803,0.041649549848299605,-0.09119638826185095,19.83,18.23,0.015128593040847349,0.10422380691168387,True,4,2026-09-07,沪深主板10%,25,10.021905805038323,10,3,2,1,0,2.1363636363636367,8.136363636363637,右上角/高位趋势,True,,生命周期否决/修正：重点排除长期下降修复；不把接近250日高点或累计涨幅本身当成越高越好,4,True,,,76,1.7159090909090908,入选：满足三级生命周期筛选资格条件；本阶段不设置数量下限或上限,True,True,True,True,True,True,True,False,False,距离短周期稳健上沿较远,核心：振幅、流动性（成交量/换手合并）与短期止跌三类证据中至少两类支持+40日趋势仍活；缺失量价/换手必须明示；2%-6%单日加速仅为中等证据
603082,北自科技,44.95,-0.02452256944444431,0.02508551881413923,0.007621609504595561,0.11955168119551685,0.34179104477611943,0.11015065448258832,0.2946428571428572,0.14054179208150036,-0.08749492488834743,0.17920519870032497,0.7842506417267542,5537095.2,6490288.0,0.8531355157120917,0.1770540894397747,0.16002919355276163,1.1063861881013601,True,0.019182979465492522,0.02600165729770887,True,3,3,收敛较充分,-0.11218645072091649,0.74822695035461,0.023743096281956477,0.03889093966613344,0.046242749432564345,0.026733227373463953,-0.08730964467005076,43.19,42.57,0.040750173651308286,0.05590791637303272,True,2,2026-08-28,沪深主板10%,25,10.012453300124546,10,3,2,1,0,2.1363636363636367,8.136363636363637,右上角/高位趋势,True,,生命周期否决/修正：重点排除长期下降修复；不把接近250日高点或累计涨幅本身当成越高越好,4,True,,,76,1.7159090909090908,入选：满足三级生命周期筛选资格条件；本阶段不设置数量下限或上限,True,True,True,True,True,True,True,False,False,距离短周期稳健上沿较远,核心：振幅、流动性（成交量/换手合并）与短期止跌三类证据中至少两类支持+40日趋势仍活；缺失量价/换手必须明示；2%-6%单日加速仅为中等证据
603880,南卫股份,9.72,-0.02114803625377637,0.005170630816959676,0.004132231404958775,0.20895522388059717,0.5283018867924529,0.2623376623376623,0.3905579399141632,0.1006355932203391,-0.06448508180943213,0.1969339622641509,0.5110118745559735,10689526.6,13850089.4,0.7718019928448981,0.0444957445630738,0.04791722102670197,0.9285960998923217,True,0.0024217961654895426,0.015734989648033215,True,3,3,收敛较充分,-0.06448508180943213,0.8683693516699411,0.03779628443305594,0.07376512921164546,0.04749139972300398,0.05612333275593273,-0.05355404089581295,9.44,9.28,0.029661016949152685,0.0474137931034484,True,1,2026-08-17,沪深主板10%,25,9.950248756218905,10,3,2,1,0,2.1363636363636367,8.136363636363637,右上角/高位趋势,True,40日加速较大：仅作趋势成熟风险提示，不单独判尾端,生命周期否决/修正：重点排除长期下降修复；不把接近250日高点或累计涨幅本身当成越高越好,4,True,,,76,1.7159090909090908,入选：满足三级生命周期筛选资格条件；本阶段不设置数量下限或上限,True,True,True,True,True,True,True,False,False,,核心：振幅、流动性（成交量/换手合并）与短期止跌三类证据中至少两类支持+40日趋势仍活；缺失量价/换手必须明示；2%-6%单日加速仅为中等证据
688485,九州一轨,94.98,-0.02823818293431546,-0.005132502356761215,0.14433734939759035,0.31733703190013896,1.01143583227446,0.398821796759941,2.8594067452255185,0.12857450010750385,-0.0952562392836731,0.29936305732484075,0.4294935429123001,7217467.2,7401077.9,0.975191356923834,0.05248157861235984,0.04924463608730043,1.0657318803071463,True,0.012708614076915037,0.03269470827679788,True,3,3,收敛较充分,-0.0952562392836731,0.8920436143797906,0.054103545863159797,0.10918532162741301,0.11480049929922909,0.22930355146631487,-0.08673076923076917,93.02,81.17,0.021070737475811674,0.17013675003079953,True,1,2026-08-14,科创板20%,25,20.006657789613836,10,3,2,1,0,2.1363636363636367,8.136363636363637,右上角/高位趋势,True,40日加速较大：仅作趋势成熟风险提示，不单独判尾端,生命周期否决/修正：重点排除长期下降修复；不把接近250日高点或累计涨幅本身当成越高越好,4,True,,,76,1.7159090909090908,入选：满足三级生命周期筛选资格条件；本阶段不设置数量下限或上限,True,True,True,True,True,True,True,False,False,距离短周期稳健上沿较远,核心：振幅、流动性（成交量/换手合并）与短期止跌三类证据中至少两类支持+40日趋势仍活；缺失量价/换手必须明示；2%-6%单日加速仅为中等证据
002536,飞龙股份,53.3,-0.007633587786259666,-0.08513559903879164,-0.000562535158447397,0.25117370892018775,0.08311318837634629,0.16604681688908318,0.7127249357326477,0.1671588895451861,-0.16679693606377988,0.361063829787234,0.462962157255377,66310871.0,68829505.6,0.96340763197346,0.1344393063060676,0.1262179430871963,1.0651362478090112,True,-0.05258702424488704,0.012449318591815972,False,3,2,部分收敛/待确认,-0.16679693606377988,0.7570029606012297,0.01753481668146195,0.05317744396197632,0.05342343165007746,0.07572920844233932,-0.10087719298245623,50.79,50.79,0.04941917700334697,0.04941917700334697,True,3,2026-09-02,沪深主板10%,25,10.00189429816254,9,3,2,1,0,1.6704545454545454,7.670454545454545,右上角/高位趋势,True,,生命周期否决/修正：重点排除长期下降修复；不把接近250日高点或累计涨幅本身当成越高越好,8,True,,,76,1.7159090909090908,入选：满足三级生命周期筛选资格条件；本阶段不设置数量下限或上限,True,True,True,True,True,False,True,False,False,距离短周期稳健上沿较远,核心：振幅、流动性（成交量/换手合并）与短期止跌三类证据中至少两类支持+40日趋势仍活；缺失量价/换手必须明示；2%-6%单日加速仅为中等证据
600330,天通股份,27.48,-0.03034580098800277,0.046458492003046414,-0.050449205252246054,0.10008006405124092,0.42976066597294493,-0.16423357664233584,0.6715328467153283,0.17069486404833836,-0.11354838709677417,0.19062623079952737,0.8954426855758907,105282243.2,114449194.7,0.9199037483485237,0.0635521629550508,0.09278903946198949,0.6849102364195135,True,0.03608136275425866,0.0021137861851532325,True,3,3,收敛较充分,-0.2646507894032646,0.6537114845938377,-0.012327930129748754,0.07603191120360742,-0.014567086648258343,0.07336324828470397,-0.11354838709677417,26.48,25.7,0.03776435045317217,0.06926070038910503,True,3,2026-09-07,沪深主板10%,25,10.01523229246002,9,3,2,1,0,1.6704545454545454,7.670454545454545,右上角/高位趋势,True,,生命周期否决/修正：重点排除长期下降修复；不把接近250日高点或累计涨幅本身当成越高越好,8,True,,,76,1.7159090909090908,入选：满足三级生命周期筛选资格条件；本阶段不设置数量下限或上限,True,True,True,True,True,True,True,False,False,距离短周期稳健上沿较远,核心：振幅、流动性（成交量/换手合并）与短期止跌三类证据中至少两类支持+40日趋势仍活；缺失量价/换手必须明示；2%-6%单日加速仅为中等证据
603269,海鸥股份,24.2,-0.09363295880149813,-0.11711054359722728,0.09107303877367001,0.36723163841807915,0.8980392156862744,0.40534262485482,1.3540856031128405,0.15855181023720344,-0.16724019270474877,0.658675799086758,0.2407129736010229,45608838.4,48452980.2,0.9413009934938944,0.09816838076798373,0.11217383054514585,0.8751451233402836,True,-0.0433891856296188,0.06580864497328776,False,3,2,部分收敛/待确认,-0.16724019270474877,0.773320895522388,0.07617734691154876,0.1402960024412574,0.109818635303224,0.1498807138085696,-0.13074712643678166,24.03,22.58,0.0070744902205575055,0.07174490699734282,True,5,2026-08-31,沪深主板10%,25,10.02506265664158,9,3,2,1,0,1.6704545454545454,7.670454545454545,右上角/高位趋势,True,40日加速较大：仅作趋势成熟风险提示，不单独判尾端,生命周期否决/修正：重点排除长期下降修复；不把接近250日高点或累计涨幅本身当成越高越好,8,True,,,76,1.7159090909090908,入选：满足三级生命周期筛选资格条件；本阶段不设置数量下限或上限,True,True,True,True,True,False,True,False,False,距离短周期稳健上沿较远,核心：振幅、流动性（成交量/换手合并）与短期止跌三类证据中至少两类支持+40日趋势仍活；缺失量价/换手必须明示；2%-6%单日加速仅为中等证据
688209,英集芯,32.51,-0.01125304136253058,-0.05768115942028995,0.10054163845633046,0.477055883689232,0.48515303791685693,0.27240704500978463,0.585080448561677,0.1370765370138018,-0.10440771349862255,0.7122641509433961,0.19245182680083434,28260094.0,27128036.5,1.0417301672386057,0.06762865605046715,0.0625381144432076,1.0813990260592585,False,0.00886191198786035,0.07572175418733984,True,3,2,部分收敛/待确认,-0.10440771349862255,0.7883863763260748,0.1675974643992313,0.08503797717157835,0.06914800036593705,0.04412403841974877,-0.10317241379310349,31.88,27.73,0.0197616060225847,0.1723764875586007,True,1,2026-08-28,科创板20%,25,19.98375304630382,9,3,2,1,0,1.6704545454545454,7.670454545454545,右上角/高位趋势,True,,生命周期否决/修正：重点排除长期下降修复；不把接近250日高点或累计涨幅本身当成越高越好,8,True,,,76,1.7159090909090908,入选：满足三级生命周期筛选资格条件；本阶段不设置数量下限或上限,True,True,True,True,False,True,True,False,False,距离短周期稳健上沿较远,核心：振幅、流动性（成交量/换手合并）与短期止跌三类证据中至少两类支持+40日趋势仍活；缺失量价/换手必须明示；2%-6%单日加速仅为中等证据
600487,亨通光电,65.24,0.020810514786418377,0.04853744776599167,-0.05036390101892296,0.035884407748491665,0.1173146086658674,-0.4108723135271808,0.5218101236295778,0.09223300970873792,-0.09652402714305497,0.26684210526315777,0.34564638746864323,165223077.0,195033694.3,0.8471514503840273,0.057337264733512,0.07948729110546757,0.7213387692056854,True,0.004229907937297606,-0.013705053927723365,False,3,2,部分收敛/待确认,-0.47745294353223866,0.4380656108597285,0.007217569184453154,0.04071218343983274,-0.08203674741643519,0.045645723893639856,-0.018799819521732597,61.8,61.22,0.05566343042071198,0.0656648154197974,True,1,2026-08-14,沪深主板10%,25,10.008733624454136,14,3,0,1,0,2.897727272727273,6.897727272727273,中期上升趋势延续,True,,生命周期否决/修正：重点排除长期下降修复；不把接近250日高点或累计涨幅本身当成越高越好,12,True,,,76,1.7159090909090908,入选：满足三级生命周期筛选资格条件；本阶段不设置数量下限或上限,True,True,True,True,True,False,True,True,True,,核心：振幅、流动性（成交量/换手合并）与短期止跌三类证据中至少两类支持+40日趋势仍活；缺失量价/换手必须明示；2%-6%单日加速仅为中等证据
603002,宏昌电子,17.46,0.038667459845330265,0.1555261416280609,-0.011884550084889645,0.09193245778611625,0.09467084639498435,-0.2595419847328243,0.7636363636363637,0.16137566137566134,-0.08105263157894738,0.23975822699798524,0.6730766380626323,86601229.4,67686095.6,1.2794537582989203,0.087451504647109,0.05968378296815071,1.4652473469011857,False,0.03937204086718182,0.00443768996960503,True,3,2,部分收敛/待确认,-0.3639344262295081,0.5210930009587729,0.054666263968589535,0.042764531370179215,-0.02237526379258381,0.06474019324101699,0.02948113207547176,15.12,14.96,0.15476190476190488,0.16711229946524053,True,2,2026-08-27,沪深主板10%,25,10.01951854261549,14,3,0,1,0,2.897727272727273,6.897727272727273,中期上升趋势延续,True,,生命周期否决/修正：重点排除长期下降修复；不把接近250日高点或累计涨幅本身当成越高越好,12,True,,,76,1.7159090909090908,入选：满足三级生命周期筛选资格条件；本阶段不设置数量下限或上限,True,True,True,True,False,True,True,True,True,,核心：振幅、流动性（成交量/换手合并）与短期止跌三类证据中至少两类支持+40日趋势仍活；缺失量价/换手必须明示；2%-6%单日加速仅为中等证据
001258,立新能源,12.45,0.02892561983471076,0.07235142118863047,-0.09520348837209303,-0.18467583497053053,0.6555851063829787,0.6274509803921566,0.21939275220372156,0.13070175438596493,-0.1582150101419878,0.254625550660793,0.5133096582286165,111328946.4,129774152.5,0.857866872989211,0.11928251240136026,0.13904548148097146,0.8578668729892112,True,-0.020346042934956676,-0.022647676862012744,False,3,2,部分收敛/待确认,-0.26244075829383884,0.5784966698382493,-0.026431029089771685,-0.0077267693546761995,0.06669409247984204,0.07305338380443627,-0.019685039370078705,11.4,11.35,0.09210526315789469,0.09691629955947123,True,3,2026-08-26,沪深主板10%,16,10.030395136778125,13,3,0,1,0,2.7727272727272725,6.7727272727272725,中期上升趋势延续,True,40日加速较大：仅作趋势成熟风险提示，不单独判尾端,生命周期否决/修正：重点排除长期下降修复；不把接近250日高点或累计涨幅本身当成越高越好,14,True,,,76,1.7159090909090908,入选：满足三级生命周期筛选资格条件；本阶段不设置数量下限或上限,True,True,True,True,True,False,True,True,True,,核心：振幅、流动性（成交量/换手合并）与短期止跌三类证据中至少两类支持+40日趋势仍活；缺失量价/换手必须明示；2%-6%单日加速仅为中等证据
002141,贤丰控股,6.41,0.003129890453834161,-0.04613095238095233,0.02232854864433831,-0.03609022556390984,0.08460236886632821,0.497663551401869,0.6520618556701032,0.1274509803921569,-0.12907608695652173,0.3003533568904594,0.4243367935409459,137012089.0,144942906.4,0.9452831628881977,0.13264337363976225,0.1403213120124625,0.945283162888198,True,-0.02780269058295981,0.017594859241126137,False,3,2,部分收敛/待确认,-0.13261163734776715,0.7777777777777778,-0.017624521072796995,0.02069333333333323,0.09972429350209921,0.09602853287063806,-0.07101449275362326,6.12,6.12,0.04738562091503273,0.04738562091503273,True,1,2026-08-10,沪深主板10%,16,9.983633387888702,8,3,2,1,0,0.7159090909090909,6.715909090909091,右上角/高位趋势,True,,生命周期否决/修正：重点排除长期下降修复；不把接近250日高点或累计涨幅本身当成越高越好,15,True,,,76,1.7159090909090908,入选：满足三级生命周期筛选资格条件；本阶段不设置数量下限或上限,True,True,True,True,True,False,True,False,False,,核心：振幅、流动性（成交量/换手合并）与短期止跌三类证据中至少两类支持+40日趋势仍活；缺失量价/换手必须明示；2%-6%单日加速仅为中等证据
300929,华骐环保,15.81,-0.024074074074074026,-0.052726183343319355,-0.08347826086956522,0.12767475035663356,0.024627349319507497,0.4915094339622643,0.27705977382875613,0.07918263090676873,-0.13227222832052676,0.22785665990534154,0.34751071546323714,3241197.0,8391431.7,0.38625077529976204,0.025855040881307044,0.06693848280625823,0.3862507752997622,True,-0.037373134328358315,-0.019301145083225002,False,3,2,部分收敛/待确认,-0.13227222832052676,0.7134363852556482,-0.044568665961625564,0.022377652852224594,0.06728529566458796,0.05332898810493725,-0.06449704142011825,15.66,15.66,0.009578544061302763,0.009578544061302763,True,1,2026-08-14,创业板20%,16,19.971469329529246,8,3,2,1,0,0.7159090909090909,6.715909090909091,右上角/高位趋势,True,,生命周期否决/修正：重点排除长期下降修复；不把接近250日高点或累计涨幅本身当成越高越好,15,True,,,76,1.7159090909090908,入选：满足三级生命周期筛选资格条件；本阶段不设置数量下限或上限,True,True,True,True,True,False,True,False,False,,核心：振幅、流动性（成交量/换手合并）与短期止跌三类证据中至少两类支持+40日趋势仍活；缺失量价/换手必须明示；2%-6%单日加速仅为中等证据
601609,金田股份,12.79,-0.03471698113207555,-0.04122938530734643,-0.014637904468413065,0.1680365296803652,0.33507306889352817,-0.016153846153846185,0.3253886010362692,0.1056782334384858,-0.08773181169757494,0.10828025477707001,0.9759695676377811,41890010.4,61207800.1,0.6843900668143764,0.0284498058640313,0.035408103527884933,0.8034829044607327,True,-0.01931362353290733,-0.0014204545454545858,False,3,2,部分收敛/待确认,-0.11057023643949937,0.709323583180987,-0.025969080801157673,0.04856290516895179,0.016373360423078243,0.03471367112084023,-0.07385952208544544,12.68,12.56,0.008675078864353258,0.018312101910827883,True,1,2026-08-14,沪深主板10%,12,10.050251256281406,8,3,2,1,0,0.7159090909090909,6.715909090909091,右上角/高位趋势,True,,生命周期否决/修正：重点排除长期下降修复；不把接近250日高点或累计涨幅本身当成越高越好,15,True,,,76,1.7159090909090908,入选：满足三级生命周期筛选资格条件；本阶段不设置数量下限或上限,True,True,True,True,True,False,True,False,False,,核心：振幅、流动性（成交量/换手合并）与短期止跌三类证据中至少两类支持+40日趋势仍活；缺失量价/换手必须明示；2%-6%单日加速仅为中等证据
603221,爱丽家居,26.17,0.002297970126388549,-0.12853812853812852,-0.08656195462478178,0.05694668820678506,1.2234494477485134,1.0952762209767815,1.1468416735028715,0.16614785992217898,-0.22136268967569173,0.3047360248447204,0.5452189645344372,14743834.2,16857866.8,0.8745966719822462,0.06085703636438685,0.06958297271639076,0.874596671982247,True,-0.09459549736121309,-0.006867131411923744,False,3,2,部分收敛/待确认,-0.22136268967569173,0.6928158546655657,-0.0648394647036753,0.12614803227655003,0.17535555481998832,0.20620137237951175,-0.12679346012679338,25.7,25.7,0.01828793774319082,0.01828793774319082,True,6,2026-08-10,沪深主板10%,16,10.004880429477803,8,3,2,1,0,0.7159090909090909,6.715909090909091,右上角/高位趋势,True,40日加速较大：仅作趋势成熟风险提示，不单独判尾端,生命周期否决/修正：重点排除长期下降修复；不把接近250日高点或累计涨幅本身当成越高越好,15,True,,,76,1.7159090909090908,入选：满足三级生命周期筛选资格条件；本阶段不设置数量下限或上限,True,True,True,True,True,False,True,False,False,距离短周期稳健上沿较远,核心：振幅、流动性（成交量/换手合并）与短期止跌三类证据中至少两类支持+40日趋势仍活；缺失量价/换手必须明示；2%-6%单日加速仅为中等证据
003031,中瓷电子,120.12,-0.003980099502487455,-0.0022427111886369477,-0.08549676437000375,0.015813953488372112,0.007718120805369155,-0.25046798951703475,0.5857425742574258,0.1169928825622775,-0.19919999999999993,0.2372013651877133,0.49322179267262317,9799137.0,11072358.7,0.8850089909027243,0.02880771454812108,0.032550759194815294,0.885008990902725,True,-0.003389318612728398,-0.02167583306373355,False,3,2,部分收敛/待确认,-0.4167516387472687,0.4491721216788603,-0.05702072874430353,0.025229739135825602,-0.0315820582908114,0.06676275440127255,-0.014197784160853377,112.4,112.4,0.06868327402135233,0.06868327402135233,True,3,2026-08-21,沪深主板10%,16,10.004228329809738,12,3,0,1,0,2.590909090909091,6.590909090909091,中期上升趋势延续,True,,生命周期否决/修正：重点排除长期下降修复；不把接近250日高点或累计涨幅本身当成越高越好,19,True,,,76,1.7159090909090908,入选：满足三级生命周期筛选资格条件；本阶段不设置数量下限或上限,True,True,True,True,True,False,True,True,True,,核心：振幅、流动性（成交量/换手合并）与短期止跌三类证据中至少两类支持+40日趋势仍活；缺失量价/换手必须明示；2%-6%单日加速仅为中等证据
600667,太极实业,19.5,-0.024024024024024038,0.132404181184669,-0.001536098310291889,-0.15032679738562094,0.15658362989323837,-0.06564446574029714,0.8292682926829269,0.14432989690721645,-0.19221209610604806,0.26260257913247365,0.5496134020618555,236225519.4,159504808.1,1.4809930949034509,0.1035974457169182,0.07626181760892028,1.3584444872292225,False,0.04678817515003342,-0.008870364433045008,True,3,2,部分收敛/待确认,-0.39252336448598135,0.506269592476489,-0.014280298243396938,0.012930521808573792,0.011265032729486979,0.1014945546803161,0.015625,17.46,17.06,0.11683848797250862,0.14302461899179386,True,2,2026-09-10,沪深主板10%,25,10.022026431718057,12,3,0,1,0,2.590909090909091,6.590909090909091,中期上升趋势延续,True,,生命周期否决/修正：重点排除长期下降修复；不把接近250日高点或累计涨幅本身当成越高越好,19,True,,,76,1.7159090909090908,入选：满足三级生命周期筛选资格条件；本阶段不设置数量下限或上限,True,True,True,True,False,True,True,True,True,,核心：振幅、流动性（成交量/换手合并）与短期止跌三类证据中至少两类支持+40日趋势仍活；缺失量价/换手必须明示；2%-6%单日加速仅为中等证据
601208,东材科技,47.72,-0.017904918707553064,0.034467808367656616,-0.06942277691107646,0.00020959966464051405,0.08825541619156207,-0.3615199357773615,0.5533854166666667,0.11457868925546145,-0.09775004726791459,0.28062953995157397,0.40829161917606177,53790914.6,62138905.5,0.865655971362418,0.0643722104502016,0.0615125269443398,1.0464894493515022,True,0.013723503082510025,-0.0031929671787854774,True,3,3,收敛较充分,-0.4062461117332339,0.49222395023328136,0.005266484095218127,0.04044186905183511,-0.05002498263785238,0.05920705502885215,-0.040611178126256586,44.86,44.86,0.06375390102541245,0.06375390102541245,True,1,2026-08-27,沪深主板10%,25,9.991039426523308,12,3,0,1,0,2.590909090909091,6.590909090909091,中期上升趋势延续,True,,生命周期否决/修正：重点排除长期下降修复；不把接近250日高点或累计涨幅本身当成越高越好,19,True,,,76,1.7159090909090908,入选：满足三级生命周期筛选资格条件；本阶段不设置数量下限或上限,True,True,True,True,True,True,True,False,True,,核心：振幅、流动性（成交量/换手合并）与短期止跌三类证据中至少两类支持+40日趋势仍活；缺失量价/换手必须明示；2%-6%单日加速仅为中等证据
603989,艾华集团,33.03,0.04195583596214525,0.04790609137055846,0.15489510489510483,0.0012124886329190065,0.042613636363636465,-0.20101596516690856,0.9429411764705884,0.14257228315054846,-0.03926701570680635,0.3140877598152425,0.45392498973667267,40268175.2,28382000.1,1.4187927227862986,0.11436031649140954,0.07117210006543456,1.606813855236369,False,0.035741111667501047,0.046724990989220005,True,3,2,部分收敛/待确认,-0.4282499567249437,0.41554453106543826,0.08975733680859155,0.041857361909332536,-0.007321178393524308,0.07286448426705472,-0.03702623906705527,30.09,27.88,0.09770687936191425,0.18472022955523681,True,3,2026-09-03,沪深主板10%,25,10.00333444481496,12,3,0,1,0,2.590909090909091,6.590909090909091,中期上升趋势延续,True,,生命周期否决/修正：重点排除长期下降修复；不把接近250日高点或累计涨幅本身当成越高越好,19,True,,,76,1.7159090909090908,入选：满足三级生命周期筛选资格条件；本阶段不设置数量下限或上限,True,True,True,True,False,True,True,False,True,,核心：振幅、流动性（成交量/换手合并）与短期止跌三类证据中至少两类支持+40日趋势仍活；缺失量价/换手必须明示；2%-6%单日加速仅为中等证据
605162,新中港,10.85,0.018779342723004522,0.015917602996254665,0.06791338582677153,0.25288683602771367,0.5174825174825173,0.2885985748218527,0.039272030651340994,0.1494370522006142,-0.03383793410507574,0.3100591715976333,0.4819630118683929,42351154.8,39776448.8,1.0647294084232075,0.0568574906791986,0.08981998452280206,0.6330160373693288,True,0.029212613658347708,0.027947598253275086,True,3,3,收敛较充分,-0.28524374176548095,0.49178403755868544,0.08332085267834866,0.03718904129315592,0.018448245665245944,0.006357841337649717,-0.03383793410507574,9.77,9.77,0.11054247697031738,0.11054247697031738,True,4,2026-09-09,沪深主板10%,25,10.046189376443415,12,3,0,1,0,2.590909090909091,6.590909090909091,中期上升趋势延续,True,40日加速较大：仅作趋势成熟风险提示，不单独判尾端,生命周期否决/修正：重点排除长期下降修复；不把接近250日高点或累计涨幅本身当成越高越好,19,True,,,76,1.7159090909090908,入选：满足三级生命周期筛选资格条件；本阶段不设置数量下限或上限,True,True,True,True,True,True,True,False,True,,核心：振幅、流动性（成交量/换手合并）与短期止跌三类证据中至少两类支持+40日趋势仍活；缺失量价/换手必须明示；2%-6%单日加速仅为中等证据
002491,通鼎互联,21.19,0.008087535680304514,0.039744847890088364,-0.04678362573099415,0.07837150127226478,0.23484848484848486,-0.32900569981000627,1.1339375629405843,0.12288557213930341,-0.1243801652892561,0.23469387755102028,0.5235993943326844,148757763.8,219251877.2,0.6784788604765479,0.1029824279334307,0.1863643795274957,0.5525864341379515,True,0.014509246088193262,-0.018050375282037234,False,3,2,部分收敛/待确认,-0.46638126416519765,0.46705035971223025,0.005289750219418021,0.05776792736112113,-0.0336513222037228,0.09027913679304023,-0.03681818181818175,20.1,20.1,0.05422885572139302,0.05422885572139302,True,3,2026-08-21,沪深主板10%,25,10.015568240788797,11,3,0,1,0,2.409090909090909,6.409090909090909,中期上升趋势延续,True,,生命周期否决/修正：重点排除长期下降修复；不把接近250日高点或累计涨幅本身当成越高越好,24,True,,,76,1.7159090909090908,入选：满足三级生命周期筛选资格条件；本阶段不设置数量下限或上限,True,True,True,True,True,False,True,False,True,,核心：振幅、流动性（成交量/换手合并）与短期止跌三类证据中至少两类支持+40日趋势仍活；缺失量价/换手必须明示；2%-6%单日加速仅为中等证据
300570,太辰光,200.86,-0.01185615191617062,0.11588888888888893,-0.016837983357807174,0.24371517027863776,0.2706224696356274,-0.2486439980548385,0.6935919055649242,0.14855756268536,-0.1284387746246637,0.2111348074980357,0.7036147400126912,19412700.4,16858594.2,1.1515017307908153,0.1185288899327018,0.08771709645436346,1.3512632625085668,False,0.049778302668655794,-0.0027010834797267513,True,3,2,部分收敛/待确认,-0.29398945518453423,0.5794660365025894,0.008824578233376679,0.0817462419441568,-0.007340658598987471,0.07307432717455487,-0.048056872037914644,185.45,178.18,0.08309517390132126,0.127287013132787,True,1,2026-08-17,创业板20%,25,20.000000000000018,11,3,0,1,0,2.409090909090909,6.409090909090909,中期上升趋势延续,True,,生命周期否决/修正：重点排除长期下降修复；不把接近250日高点或累计涨幅本身当成越高越好,24,True,,,76,1.7159090909090908,入选：满足三级生命周期筛选资格条件；本阶段不设置数量下限或上限,True,True,True,True,False,True,True,False,True,,核心：振幅、流动性（成交量/换手合并）与短期止跌三类证据中至少两类支持+40日趋势仍活；缺失量价/换手必须明示；2%-6%单日加速仅为中等证据
001268,联合精密,24.28,-0.03189792663476865,-0.01938610662358642,-0.059279349089500055,0.18786692759295498,0.24897119341563778,-0.17499150526673457,0.10464058234758866,0.10539629005059023,-0.10040755835494619,0.32433758586849853,0.3249586068428183,3158292.4,8508436.2,0.3711954025112159,0.0421965714906705,0.09019134116987497,0.4678561261351403,True,-0.00925780637062601,-0.006638550452983671,True,3,3,收敛较充分,-0.2765196662693683,0.4789444132509826,0.019076199869887178,0.06290992047146782,-0.023448483631251293,0.005105769725668008,-0.07328244274809148,23.72,23.72,0.02360876897133224,0.02360876897133224,True,2,2026-08-26,沪深主板10%,25,10.009813542688928,10,3,0,1,0,2.1363636363636367,6.136363636363637,中期上升趋势延续,True,,生命周期否决/修正：重点排除长期下降修复；不把接近250日高点或累计涨幅本身当成越高越好,26,True,,,76,1.7159090909090908,入选：满足三级生命周期筛选资格条件；本阶段不设置数量下限或上限,True,True,True,True,True,True,True,False,False,,核心：振幅、流动性（成交量/换手合并）与短期止跌三类证据中至少两类支持+40日趋势仍活；缺失量价/换手必须明示；2%-6%单日加速仅为中等证据
600186,莲花控股,11.98,0.016115351993214677,0.008417508417508435,0.003350083752093891,-0.0033277870216305017,0.341545352743561,-0.1610644257703081,0.8290076335877863,0.1254416961130742,-0.10463378176382665,0.15740740740740733,0.79692371648306,224638764.0,233260023.6,0.9630401323512513,0.1671266690250496,0.13037562539093853,1.2818858473269912,True,-0.005240746806419949,0.006876886950687666,True,3,3,收敛较充分,-0.2479598242310106,0.6298031865042175,0.005877413937867448,0.05920745920745896,-0.003447452466943224,0.0987026000738358,-0.05817610062893086,11.32,11.01,0.05830388692579502,0.08810172570390562,True,2,2026-08-14,沪深主板10%,13,10.01011122345803,10,3,0,1,0,2.1363636363636367,6.136363636363637,中期上升趋势延续,True,,生命周期否决/修正：重点排除长期下降修复；不把接近250日高点或累计涨幅本身当成越高越好,26,True,,,76,1.7159090909090908,入选：满足三级生命周期筛选资格条件；本阶段不设置数量下限或上限,True,True,True,True,True,True,True,False,False,,核心：振幅、流动性（成交量/换手合并）与短期止跌三类证据中至少两类支持+40日趋势仍活；缺失量价/换手必须明示；2%-6%单日加速仅为中等证据
600206,有研新材,46.79,0.007970702283498499,-0.009735449735449708,-0.12786579683131405,-0.06737093880805267,0.06924131627056673,0.17681086519114686,1.252768415984593,0.09439002671415839,-0.23105998356614632,0.2035132819194516,0.4638027838965172,68984393.8,79616515.6,0.8664583381993674,0.08148853851537378,0.09404784387523972,0.8664583381993677,True,-0.01828571428571424,-0.030459828196058747,False,3,2,部分收敛/待确认,-0.3253064167267483,0.5543263532200712,-0.08371683148927844,0.015109319145398592,0.05357288979809671,0.13903836571997985,-0.047628740077345855,44.92,44.92,0.041629563668744485,0.041629563668744485,True,2,2026-08-17,沪深主板10%,16,10.00393855848758,10,3,0,1,0,2.1363636363636367,6.136363636363637,中期上升趋势延续,True,,生命周期否决/修正：重点排除长期下降修复；不把接近250日高点或累计涨幅本身当成越高越好,26,True,,,76,1.7159090909090908,入选：满足三级生命周期筛选资格条件；本阶段不设置数量下限或上限,True,True,True,True,True,False,True,False,True,,核心：振幅、流动性（成交量/换手合并）与短期止跌三类证据中至少两类支持+40日趋势仍活；缺失量价/换手必须明示；2%-6%单日加速仅为中等证据
000526,学大教育,35.68,-0.020318506315211482,-0.03931071620893922,0.013060760931289161,0.07990314769975781,0.3464150943396227,0.3278749534797172,0.07050705070507046,0.09738784781374218,-0.08723458685085705,0.15040047463660636,0.6475235403947236,3231592.0,5042142.8,0.6409163976871104,0.0327157750913411,0.04150816784258692,0.7881768045125584,True,-0.007446694524804287,0.00937176483408697,True,3,3,收敛较充分,-0.2802098043171273,0.4610011641443539,-0.01914697675697219,0.013704026788980306,0.05639549096835528,0.005181496906078831,-0.07612635939927492,35.22,34.71,0.013060760931289161,0.027945836934600843,True,2,2026-08-19,沪深主板10%,12,9.996904982977405,9,3,0,1,0,1.6704545454545454,5.670454545454545,中期上升趋势延续,True,,生命周期否决/修正：重点排除长期下降修复；不把接近250日高点或累计涨幅本身当成越高越好,29,True,,,76,1.7159090909090908,入选：满足三级生命周期筛选资格条件；本阶段不设置数量下限或上限,True,True,True,True,True,True,True,False,False,,核心：振幅、流动性（成交量/换手合并）与短期止跌三类证据中至少两类支持+40日趋势仍活；缺失量价/换手必须明示；2%-6%单日加速仅为中等证据
000626,远大控股,9.32,-0.0189473684210526,-0.015839493136219684,-0.009564293304994642,0.21354166666666674,0.44720496894409933,0.335243553008596,0.1738035264483626,0.15384615384615388,-0.11238095238095236,0.2219419924337957,0.6931818181818183,32454904.6,25510608.9,1.272212071739299,0.0662553229293493,0.0505848956579368,1.3097847107835991,False,0.029756915339480106,0.02912093882429656,True,3,2,部分收敛/待确认,-0.19026933101650734,0.6089285714285715,0.05061436140232223,0.06155973683107718,0.05142883846998636,0.022026479564683843,-0.09338521400778199,9.1,8.68,0.024175824175824312,0.07373271889400934,True,1,2026-08-28,沪深主板10%,25,10.058479532163744,9,3,0,1,0,1.6704545454545454,5.670454545454545,中期上升趋势延续,True,,生命周期否决/修正：重点排除长期下降修复；不把接近250日高点或累计涨幅本身当成越高越好,29,True,,,76,1.7159090909090908,入选：满足三级生命周期筛选资格条件；本阶段不设置数量下限或上限,True,True,True,True,False,True,True,False,False,距离短周期稳健上沿较远,核心：振幅、流动性（成交量/换手合并）与短期止跌三类证据中至少两类支持+40日趋势仍活；缺失量价/换手必须明示；2%-6%单日加速仅为中等证据
002329,皇氏集团,3.76,-0.038363171355498826,-0.033419023136246895,-0.057644110275689275,-0.11943793911007017,0.16408668730650144,0.3055555555555556,0.0053475935828875,0.11081081081081084,-0.1607142857142858,0.15168539325842684,0.7305305305305314,34302640.6,55995920.8,0.6125917765066916,0.0597168281617459,0.08594969786050578,0.6947881103510664,True,-0.00504032258064524,-0.003783102143757766,True,3,3,收敛较充分,-0.2357723577235773,0.5084745762711863,-0.04130545639979599,0.034951806143590725,0.03828682673588579,0.004155186205670791,-0.08292682926829265,3.7,3.7,0.01621621621621605,0.01621621621621605,True,4,2026-08-13,沪深主板10%,12,10.158730158730167,9,3,0,1,0,1.6704545454545454,5.670454545454545,中期上升趋势延续,True,,生命周期否决/修正：重点排除长期下降修复；不把接近250日高点或累计涨幅本身当成越高越好,29,True,,,76,1.7159090909090908,入选：满足三级生命周期筛选资格条件；本阶段不设置数量下限或上限,True,True,True,True,True,True,True,False,False,距离短周期稳健上沿较远,核心：振幅、流动性（成交量/换手合并）与短期止跌三类证据中至少两类支持+40日趋势仍活；缺失量价/换手必须明示；2%-6%单日加速仅为中等证据
002951,金时科技,15.68,-0.006966434452184922,-0.008849557522123908,-0.02183406113537123,-0.13561190738699014,0.29586776859504127,-0.026086956521739202,0.021498371335504807,0.0836575875486382,-0.2028469750889681,0.11125827814569547,0.7519223642764498,4492960.0,4856059.9,0.9252274668193445,0.0178726220314466,0.012106195080939611,1.4763203394587487,True,-0.0017454182770226812,-0.005109989406119619,True,3,3,收敛较充分,-0.3674868898749496,0.363382250174703,-0.032994141227258744,0.034317776521247456,-0.016308185476187953,0.0024030431362407345,-0.053711526855763414,15.42,15.42,0.016861219195849486,0.016861219195849486,True,2,2026-08-14,沪深主板10%,25,10.028449502133707,9,3,0,1,0,1.6704545454545454,5.670454545454545,中期上升趋势延续,True,,生命周期否决/修正：重点排除长期下降修复；不把接近250日高点或累计涨幅本身当成越高越好,29,True,,,76,1.7159090909090908,入选：满足三级生命周期筛选资格条件；本阶段不设置数量下限或上限,True,True,True,True,True,True,True,False,False,,核心：振幅、流动性（成交量/换手合并）与短期止跌三类证据中至少两类支持+40日趋势仍活；缺失量价/换手必须明示；2%-6%单日加速仅为中等证据
600508,上海能源,10.98,-0.030891438658428916,-0.021390374331550777,-0.09405940594059392,0.27378190255220436,0.32929782082324466,0.36228287841191054,0.18191603875134565,0.09863013698630138,-0.15408320493066252,0.4124047878128402,0.23915856435464627,38186714.6,79033380.4,0.48317197628054387,0.041441760396829966,0.07811126133765667,0.5305478325037788,True,0.0112179487179489,-0.012119113573407114,False,3,2,部分收敛/待确认,-0.15408320493066252,0.647887323943662,0.025545229533461056,0.04962631836278564,0.04555206497586384,0.025943309065375786,-0.05670103092783507,10.95,10.72,0.00273972602739736,0.02425373134328357,True,2,2026-08-25,沪深主板10%,25,10.022271714922049,9,3,0,1,0,1.6704545454545454,5.670454545454545,中期上升趋势延续,True,,生命周期否决/修正：重点排除长期下降修复；不把接近250日高点或累计涨幅本身当成越高越好,29,True,,,76,1.7159090909090908,入选：满足三级生命周期筛选资格条件；本阶段不设置数量下限或上限,True,True,True,True,True,False,True,False,False,,核心：振幅、流动性（成交量/换手合并）与短期止跌三类证据中至少两类支持+40日趋势仍活；缺失量价/换手必须明示；2%-6%单日加速仅为中等证据
000506,招金黄金,19.19,-0.004668049792531104,-0.08575512148642195,-0.13088768115942018,0.09344729344729341,0.561432058584215,0.24126778783958613,0.15672091621458728,0.15405260332796572,-0.14900221729490015,0.20266666666666672,0.7601279769471991,57939428.8,108291549.5,0.5350318567562836,0.06238720202722805,0.11660464931090356,0.5350318567562837,True,-0.042393528895819044,-0.024657402045937027,False,3,2,部分收敛/待确认,-0.32713884992987374,0.5086887835703002,-0.04016405742009688,0.06563143124415327,0.07007856341189678,0.00471016602012142,-0.10744186046511617,18.63,18.63,0.03005904455179831,0.03005904455179831,True,2,2026-08-10,沪深主板10%,16,10.012135922330078,8,3,0,1,0,0.7159090909090909,4.715909090909091,中期上升趋势延续,True,40日加速较大：仅作趋势成熟风险提示，不单独判尾端,生命周期否决/修正：重点排除长期下降修复；不把接近250日高点或累计涨幅本身当成越高越好,34,True,,,76,1.7159090909090908,入选：满足三级生命周期筛选资格条件；本阶段不设置数量下限或上限,True,True,True,True,True,False,True,False,False,距离短周期稳健上沿较远,核心：振幅、流动性（成交量/换手合并）与短期止跌三类证据中至少两类支持+40日趋势仍活；缺失量价/换手必须明示；2%-6%单日加速仅为中等证据
000831,中国稀土,53.36,-0.01839587932303166,-0.06989715879379466,-0.12251274461437267,-0.0369969319617397,0.1717171717171717,-0.09651202167287509,0.1153846153846152,0.09755178907721279,-0.15569620253164562,0.1434321258690085,0.6801251008878123,21976129.8,34081448.5,0.6448120830310367,0.020708348022429983,0.03211532253720686,0.6448120830310377,True,-0.044686326331896065,-0.02051431211182797,False,3,2,部分收敛/待确认,-0.201675643327349,0.44435284418796367,-0.08427862916373485,0.022175271322029122,0.0047164249498881095,0.005165308844070626,-0.08442004118050794,53.1,53.1,0.004896421845574261,0.004896421845574261,True,2,2026-08-14,沪深主板10%,16,10.001923446816697,8,3,0,1,0,0.7159090909090909,4.715909090909091,中期上升趋势延续,True,,生命周期否决/修正：重点排除长期下降修复；不把接近250日高点或累计涨幅本身当成越高越好,34,True,,,76,1.7159090909090908,入选：满足三级生命周期筛选资格条件；本阶段不设置数量下限或上限,True,True,True,True,True,False,True,False,False,距离短周期稳健上沿较远,核心：振幅、流动性（成交量/换手合并）与短期止跌三类证据中至少两类支持+40日趋势仍活；缺失量价/换手必须明示；2%-6%单日加速仅为中等证据
002421,达实智能,3.26,-0.015105740181268978,-0.0383480825958703,0.009287925696594312,-0.08683473389355745,0.12027491408934687,-0.1488250652741515,0.16428571428571437,0.08385093167701864,-0.10928961748633892,0.2406779661016949,0.34839471612282397,114445898.8,162891328.5,0.7025904930230832,0.05620565097662198,0.07999773913077322,0.7025904930230835,True,-0.021052631578947545,0.013537906137183864,False,3,2,部分收敛/待确认,-0.47077922077922085,0.2287234042553191,-0.007156997106745888,0.03028118240807487,-0.06870556801374117,0.02061437941601052,-0.0659025787965617,3.22,3.2,0.012422360248447006,0.018749999999999822,True,1,2026-08-12,沪深主板10%,16,9.915014164305958,8,3,0,1,0,0.7159090909090909,4.715909090909091,中期上升趋势延续,True,,生命周期否决/修正：重点排除长期下降修复；不把接近250日高点或累计涨幅本身当成越高越好,34,True,,,76,1.7159090909090908,入选：满足三级生命周期筛选资格条件；本阶段不设置数量下限或上限,True,True,True,True,True,False,True,False,False,,核心：振幅、流动性（成交量/换手合并）与短期止跌三类证据中至少两类支持+40日趋势仍活；缺失量价/换手必须明示；2%-6%单日加速仅为中等证据
002957,科瑞技术,39.16,-0.019774718397997604,0.05268817204301057,-0.04019607843137252,-0.05135658914728691,0.07552870090634434,-0.3489609310058188,0.5231427460132243,0.1436170212765957,-0.1235452103849598,0.1878048780487805,0.7647140093948602,16943634.6,14513859.0,1.167410721021887,0.0482539812339435,0.0346506495996322,1.3925851835821195,False,0.024849435700187383,-0.008771057993340992,True,3,2,部分收敛/待确认,-0.45671476137624867,0.40188953488372087,-0.03672545691584883,0.026265741454639002,-0.05705226834769861,0.0524050373460494,-0.0839766081871346,37.6,36.9,0.04148936170212747,0.06124661246612462,True,1,2026-09-07,沪深主板10%,25,9.999999999999986,8,3,0,1,0,0.7159090909090909,4.715909090909091,中期上升趋势延续,True,,生命周期否决/修正：重点排除长期下降修复；不把接近250日高点或累计涨幅本身当成越高越好,34,True,,,76,1.7159090909090908,入选：满足三级生命周期筛选资格条件；本阶段不设置数量下限或上限,True,True,True,True,False,True,True,False,False,距离短周期稳健上沿较远,核心：振幅、流动性（成交量/换手合并）与短期止跌三类证据中至少两类支持+40日趋势仍活；缺失量价/换手必须明示；2%-6%单日加速仅为中等证据
002975,博杰股份,97.0,-0.02385025661668516,0.02073029569609597,-0.05715396578538101,-0.029902990299029875,0.06863501156769858,-0.29093567251461994,0.7837440235380653,0.1530172413793104,-0.14912280701754388,0.2145748987854251,0.7131180871828239,12141108.0,19243491.5,0.6309202256773413,0.1189706200682482,0.1391802212996511,0.8547954512308742,True,0.00525810708145058,-0.014116909943512668,False,3,2,部分收敛/待确认,-0.38595935937203263,0.47835386721423684,-0.047371186415709476,0.040643358319149,-0.043349882255832695,0.07398288980099332,-0.08126539117257059,92.8,92.8,0.04525862068965525,0.04525862068965525,True,1,2026-09-07,沪深主板10%,25,9.996843102178254,8,3,0,1,0,0.7159090909090909,4.715909090909091,中期上升趋势延续,True,,生命周期否决/修正：重点排除长期下降修复；不把接近250日高点或累计涨幅本身当成越高越好,34,True,,,76,1.7159090909090908,入选：满足三级生命周期筛选资格条件；本阶段不设置数量下限或上限,True,True,True,True,True,False,True,False,False,距离短周期稳健上沿较远,核心：振幅、流动性（成交量/换手合并）与短期止跌三类证据中至少两类支持+40日趋势仍活；缺失量价/换手必须明示；2%-6%单日加速仅为中等证据
300333,兆日科技,10.95,-0.020572450805009024,-0.10612244897959189,-0.1537867078825348,-0.0292553191489362,0.33536585365853666,0.053897978825793835,0.0682926829268291,0.13886300093196646,-0.23586880669923238,0.3953261927945473,0.35126182748061463,25948080.8,55342507.9,0.46886347917023113,0.1151645745981644,0.16531004487791082,0.6966580565822168,True,-0.04719175805915565,-0.04454289166331049,False,3,2,部分收敛/待确认,-0.31088735053492766,0.46995708154506427,-0.07266260162601634,0.07270628967109061,0.018444209785286825,0.020335816008452134,-0.10392798690671046,10.73,10.73,0.02050326188257201,0.02050326188257201,True,2,2026-08-13,创业板20%,25,20.027063599458717,8,3,0,1,0,0.7159090909090909,4.715909090909091,中期上升趋势延续,True,,生命周期否决/修正：重点排除长期下降修复；不把接近250日高点或累计涨幅本身当成越高越好,34,True,,,76,1.7159090909090908,入选：满足三级生命周期筛选资格条件；本阶段不设置数量下限或上限,True,True,True,True,True,False,True,False,False,距离短周期稳健上沿较远,核心：振幅、流动性（成交量/换手合并）与短期止跌三类证据中至少两类支持+40日趋势仍活；缺失量价/换手必须明示；2%-6%单日加速仅为中等证据
300765,石药创新,42.4,-0.005395261552897157,-0.03372835004557895,-0.04504504504504503,0.03998037772872198,0.10849673202614385,0.7703549060542798,0.40583554376657816,0.15983097191150883,-0.1811510235612206,0.16627579737335826,0.9612401470108237,19530821.2,27987505.4,0.6978407300280504,0.0140302192775361,0.01992570553593776,0.7041265992931275,True,-0.026301639931893495,-0.02250596073712574,False,3,2,部分收敛/待确认,-0.29333333333333333,0.5306666666666666,-0.05548996458087385,0.02360586011342125,0.09234985922846017,0.0690163091199103,-0.08284663638330081,40.23,40.23,0.053939845886154636,0.053939845886154636,True,1,2026-08-20,创业板20%,25,19.999999999999996,8,3,0,1,0,0.7159090909090909,4.715909090909091,中期上升趋势延续,True,,生命周期否决/修正：重点排除长期下降修复；不把接近250日高点或累计涨幅本身当成越高越好,34,True,,,76,1.7159090909090908,入选：满足三级生命周期筛选资格条件；本阶段不设置数量下限或上限,True,True,True,True,True,False,True,False,False,距离短周期稳健上沿较远,核心：振幅、流动性（成交量/换手合并）与短期止跌三类证据中至少两类支持+40日趋势仍活；缺失量价/换手必须明示；2%-6%单日加速仅为中等证据
301060,兰卫医学,10.16,-0.037878787878787956,-0.03605313092979123,-0.1360544217687074,-0.1505016722408027,0.06498951781970663,0.19811320754716988,0.007936507936507908,0.06930693069306941,-0.2722063037249284,0.18295019157088124,0.37882950598724846,11106577.2,24885792.3,0.44630193268952095,0.030837349025724093,0.06909526212421023,0.4463019326895211,True,-0.018974262633853267,-0.027861514570201806,False,3,2,部分收敛/待确认,-0.28751753155680226,0.359375,-0.09897126640652709,0.032561877209900336,0.037554912675452634,0.014259751153362421,-0.059259259259259345,10.1,10.1,0.005940594059405946,0.005940594059405946,True,1,2026-08-13,创业板20%,16,19.959879638916746,8,3,0,1,0,0.7159090909090909,4.715909090909091,中期上升趋势延续,True,,生命周期否决/修正：重点排除长期下降修复；不把接近250日高点或累计涨幅本身当成越高越好,34,True,,,76,1.7159090909090908,入选：满足三级生命周期筛选资格条件；本阶段不设置数量下限或上限,True,True,True,True,True,False,True,False,False,,核心：振幅、流动性（成交量/换手合并）与短期止跌三类证据中至少两类支持+40日趋势仍活；缺失量价/换手必须明示；2%-6%单日加速仅为中等证据
301630,同宇新材,184.78,-0.024907651715039614,0.02644150649927779,-0.06676767676767681,0.04513574660633468,0.019869742797218093,-0.3534187136958499,0.4559924355842724,0.14530717725831088,-0.1346820267865505,0.38124191461837,0.3811416627779922,1651348.0,2544075.2,0.649095592771786,0.086574545870532,0.12126365963288319,0.7139364433881517,True,0.002879477854682344,-0.01965551343332783,False,3,2,部分收敛/待确认,-0.41545664483882194,0.34622660294703306,-0.0010163920245664926,0.032196693084071804,-0.021481441144068247,0.04181945167869516,-0.05182676518883411,170.26,170.26,0.08528133442969588,0.08528133442969588,True,1,2026-08-26,创业板20%,25,19.998780562160846,8,3,0,1,0,0.7159090909090909,4.715909090909091,中期上升趋势延续,True,,生命周期否决/修正：重点排除长期下降修复；不把接近250日高点或累计涨幅本身当成越高越好,34,True,,,76,1.7159090909090908,入选：满足三级生命周期筛选资格条件；本阶段不设置数量下限或上限,True,True,True,True,True,False,True,False,False,,核心：振幅、流动性（成交量/换手合并）与短期止跌三类证据中至少两类支持+40日趋势仍活；缺失量价/换手必须明示；2%-6%单日加速仅为中等证据
600110,诺德股份,10.83,-0.03733333333333333,-0.01813236627379866,-0.010054844606946944,0.04536679536679533,0.0884422110552765,-0.3836084234490609,0.3920308483290489,0.14299706170421145,-0.14047619047619042,0.2080536912751678,0.6873084578686292,129565322.6,219843337.1,0.589352965202965,0.0817401599938743,0.12669764463502067,0.6451592705558504,True,-0.013171759747102274,-0.007473062217587589,False,3,2,部分收敛/待确认,-0.4120521172638437,0.38192182410423453,-0.02660435017077112,0.04258710999772242,-0.030481366241006835,0.0500646708098047,-0.06798623063683296,10.21,10.21,0.06072477962781586,0.06072477962781586,True,2,2026-08-31,沪深主板10%,25,10.040983606557386,8,3,0,1,0,0.7159090909090909,4.715909090909091,中期上升趋势延续,True,,生命周期否决/修正：重点排除长期下降修复；不把接近250日高点或累计涨幅本身当成越高越好,34,True,,,76,1.7159090909090908,入选：满足三级生命周期筛选资格条件；本阶段不设置数量下限或上限,True,True,True,True,True,False,True,False,False,,核心：振幅、流动性（成交量/换手合并）与短期止跌三类证据中至少两类支持+40日趋势仍活；缺失量价/换手必须明示；2%-6%单日加速仅为中等证据
600272,开开实业,15.92,-0.04269392663860483,-0.02450980392156865,-0.26635944700460823,-0.0050000000000000044,0.373597929249353,0.4754402224281744,0.23506594259115587,0.1588010204081634,-0.3072236727589208,0.4516740366392925,0.35158323819038134,36019527.4,45980719.2,0.7833615486379777,0.22512204625,0.28737949500000004,0.7833615486379777,True,-0.04970956210902577,-0.06282557221783736,False,3,2,部分收敛/待确认,-0.3072236727589208,0.46515151515151515,-0.13976170534677002,0.07247618028048408,0.09051758513438068,0.07298966211059454,-0.11309192200557094,15.68,15.68,0.015306122448979664,0.015306122448979664,True,8,2026-08-26,沪深主板10%,16,10.023130300693905,8,3,0,1,0,0.7159090909090909,4.715909090909091,中期上升趋势延续,True,,生命周期否决/修正：重点排除长期下降修复；不把接近250日高点或累计涨幅本身当成越高越好,34,True,,,76,1.7159090909090908,入选：满足三级生命周期筛选资格条件；本阶段不设置数量下限或上限,True,True,True,True,True,False,True,False,False,距离短周期稳健上沿较远,核心：振幅、流动性（成交量/换手合并）与短期止跌三类证据中至少两类支持+40日趋势仍活；缺失量价/换手必须明示；2%-6%单日加速仅为中等证据
600367,红星发展,35.09,0.002857959416976419,-0.08928107967817278,-0.13293797874969104,0.06397816858702265,0.013283280392723196,-0.3849255039439088,0.4064128256513029,0.12470725995316176,-0.1955524988537367,0.30286738351254483,0.41175533167967016,30358341.4,59309483.1,0.511863193088594,0.09428841623213202,0.18420628305620806,0.511863193088594,True,-0.0498924731182796,-0.0318137178890785,False,3,2,部分收敛/待确认,-0.4709784411276948,0.39186295503212,-0.06111200299673569,0.030886219468092335,-0.06482801338886868,0.07366103492134801,-0.08667360749609576,34.16,34.16,0.027224824355972066,0.027224824355972066,True,2,2026-08-24,沪深主板10%,16,10.014388489208613,8,3,0,1,0,0.7159090909090909,4.715909090909091,中期上升趋势延续,True,,生命周期否决/修正：重点排除长期下降修复；不把接近250日高点或累计涨幅本身当成越高越好,34,True,,,76,1.7159090909090908,入选：满足三级生命周期筛选资格条件；本阶段不设置数量下限或上限,True,True,True,True,True,False,True,False,False,距离短周期稳健上沿较远,核心：振幅、流动性（成交量/换手合并）与短期止跌三类证据中至少两类支持+40日趋势仍活；缺失量价/换手必须明示；2%-6%单日加速仅为中等证据
600379,宝光股份,14.2,-0.02472527472527486,-0.009071877180739762,0.0014104372355430161,-0.020689655172413834,0.2678571428571428,0.17549668874172175,0.24890061565523314,0.08303249097472927,-0.1169154228855721,0.16945454545454533,0.4899986055375658,10165402.4,20509774.5,0.49563696568189963,0.0351441612190546,0.062112893262976754,0.5658110478006466,True,-0.01573308015733088,0.0008918158743225213,False,3,2,部分收敛/待确认,-0.3156626506024097,0.4324090121317157,-0.0304850988290718,0.03796453728443039,0.029939596645367494,0.021246982853202256,-0.053333333333333344,13.85,13.75,0.025270758122743597,0.032727272727272716,True,1,2026-08-12,沪深主板10%,25,10.037174721189611,8,3,0,1,0,0.7159090909090909,4.715909090909091,中期上升趋势延续,True,,生命周期否决/修正：重点排除长期下降修复；不把接近250日高点或累计涨幅本身当成越高越好,34,True,,,76,1.7159090909090908,入选：满足三级生命周期筛选资格条件；本阶段不设置数量下限或上限,True,True,True,True,True,False,True,False,False,,核心：振幅、流动性（成交量/换手合并）与短期止跌三类证据中至少两类支持+40日趋势仍活；缺失量价/换手必须明示；2%-6%单日加速仅为中等证据
603038,华立股份,15.5,-0.04261890055589879,-0.03846153846153855,-0.07517899761336522,-0.03666873834679929,0.12075198843094714,0.021080368906455815,0.04166666666666652,0.1084967320261438,-0.1585233441910967,0.1490954460386775,0.7276998386523368,4774795.0,9772186.6,0.4886107066355037,0.018048113857531235,0.03637148972417466,0.4962159646030496,True,-0.01922147001934249,-0.01582521405373516,False,3,2,部分收敛/待确认,-0.335049335049335,0.35401157981803144,-0.07116104868913853,0.04726748503778788,0.010644980370162704,0.003020705662874157,-0.0784780023781213,15.3,15.3,0.013071895424836555,0.013071895424836555,True,1,2026-08-10,沪深主板10%,25,10.007304601899204,8,3,0,1,0,0.7159090909090909,4.715909090909091,中期上升趋势延续,True,,生命周期否决/修正：重点排除长期下降修复；不把接近250日高点或累计涨幅本身当成越高越好,34,True,,,76,1.7159090909090908,入选：满足三级生命周期筛选资格条件；本阶段不设置数量下限或上限,True,True,True,True,True,False,True,False,False,,核心：振幅、流动性（成交量/换手合并）与短期止跌三类证据中至少两类支持+40日趋势仍活；缺失量价/换手必须明示；2%-6%单日加速仅为中等证据
603236,移远通信,58.91,-0.028208512042230294,-0.05243686665594349,0.051213418986438164,-0.020940668107030214,0.1845968228433541,0.1250954927425516,0.09274717121127796,0.10616854908774978,-0.10634101941747576,0.21758404137421503,0.48794272051025234,10072287.2,14452012.1,0.6969470500235742,0.0309924367007388,0.03565183591827094,0.8693082951404396,True,-0.024708282854045693,0.02258523196984208,False,3,2,部分收敛/待确认,-0.2513661202185793,0.4187481633852483,-0.01415757413481511,0.04134082986893284,0.019223460350615174,0.008059090566132632,-0.07461514294690541,57.55,55.2,0.023631624674196328,0.06721014492753619,True,2,2026-08-31,沪深主板10%,25,9.994447529150463,8,3,0,1,0,0.7159090909090909,4.715909090909091,中期上升趋势延续,True,,生命周期否决/修正：重点排除长期下降修复；不把接近250日高点或累计涨幅本身当成越高越好,34,True,,,76,1.7159090909090908,入选：满足三级生命周期筛选资格条件；本阶段不设置数量下限或上限,True,True,True,True,True,False,True,False,False,,核心：振幅、流动性（成交量/换手合并）与短期止跌三类证据中至少两类支持+40日趋势仍活；缺失量价/换手必须明示；2%-6%单日加速仅为中等证据
603559,中通国脉,9.33,-0.05566801619433204,-0.1173131504257332,-0.02609603340292277,0.06385404789053606,0.23576158940397351,0.07118254879448904,0.31779661016949157,0.17918454935622316,-0.19430051813471505,0.34807916181606524,0.5147810297558384,21324066.0,27698241.2,0.769870759880595,0.0603712678967312,0.06902524353384346,0.8746259311222979,True,-0.049412642177885435,0.023310479921645477,False,3,2,部分收敛/待确认,-0.19430051813471505,0.60801393728223,-0.045621931260229065,0.03387681159420275,0.03708469817501192,0.05276813032332761,-0.15104640582347595,9.32,9.32,0.0010729613733906351,0.0010729613733906351,True,2,2026-08-31,沪深主板10%,25,10.020876826722326,8,3,0,1,0,0.7159090909090909,4.715909090909091,中期上升趋势延续,True,,生命周期否决/修正：重点排除长期下降修复；不把接近250日高点或累计涨幅本身当成越高越好,34,True,,,76,1.7159090909090908,入选：满足三级生命周期筛选资格条件；本阶段不设置数量下限或上限,True,True,True,True,True,False,True,False,False,距离短周期稳健上沿较远,核心：振幅、流动性（成交量/换手合并）与短期止跌三类证据中至少两类支持+40日趋势仍活；缺失量价/换手必须明示；2%-6%单日加速仅为中等证据
603629,利通电子,106.38,-0.02635914332784195,-0.04685960039422998,-0.150455198850024,-0.14895999999999998,0.05452022204599527,-0.09694397283531409,1.18933937024079,0.1026252983293556,-0.2824283305227656,0.1945205479452056,0.5275807590171094,23796126.6,30994128.1,0.7677624136811901,0.06596779305140728,0.08592214450185376,0.7677624136811906,True,-0.027807047309485022,-0.03217853676135829,False,3,2,部分收敛/待确认,-0.3812958008607654,0.5792311148193312,-0.12040482214615256,0.009327147355324472,-0.00568716272217884,0.1395196506550218,-0.07896103896103901,104.75,104.75,0.015560859188544107,0.015560859188544107,True,1,2026-08-14,沪深主板10%,16,10.000000000000009,8,3,0,1,0,0.7159090909090909,4.715909090909091,中期上升趋势延续,True,,生命周期否决/修正：重点排除长期下降修复；不把接近250日高点或累计涨幅本身当成越高越好,34,True,,,76,1.7159090909090908,入选：满足三级生命周期筛选资格条件；本阶段不设置数量下限或上限,True,True,True,True,True,False,True,False,False,,核心：振幅、流动性（成交量/换手合并）与短期止跌三类证据中至少两类支持+40日趋势仍活；缺失量价/换手必须明示；2%-6%单日加速仅为中等证据
603637,镇海股份,13.71,-0.05448275862068963,-0.06607629427792905,-0.12115384615384606,0.014803849000740277,0.14250000000000007,-0.26369495166487644,0.15696202531645587,0.12647058823529417,-0.14844720496894415,0.2973408541498792,0.4253387533875339,7164188.8,12653512.0,0.566181847379605,0.029931347802367,0.053013241332246865,0.5646013533633979,True,-0.016999460334592764,-0.014619492656875788,False,3,2,部分收敛/待确认,-0.37794918330308525,0.31327287716405616,-0.04519813357476132,0.04263527303499415,-0.033875275810010375,0.020332821851413385,-0.10509138381201044,13.6,13.6,0.00808823529411784,0.00808823529411784,True,2,2026-08-25,沪深主板10%,25,10.039215686274506,8,3,0,1,0,0.7159090909090909,4.715909090909091,中期上升趋势延续,True,,生命周期否决/修正：重点排除长期下降修复；不把接近250日高点或累计涨幅本身当成越高越好,34,True,,,76,1.7159090909090908,入选：满足三级生命周期筛选资格条件；本阶段不设置数量下限或上限,True,True,True,True,True,False,True,False,False,距离短周期稳健上沿较远,核心：振幅、流动性（成交量/换手合并）与短期止跌三类证据中至少两类支持+40日趋势仍活；缺失量价/换手必须明示；2%-6%单日加速仅为中等证据
688167,炬光科技,286.6,-0.0901587301587301,-0.043071786310517446,-0.028474576271186325,0.05775973426831538,0.3174588581410316,-0.27073791348600507,0.3296835854133806,0.1633212996389892,-0.11060079443892745,0.28488766511033964,0.5732831555754909,10741120.0,9424424.1,1.1397110195836795,0.0771688469346613,0.07241815443584532,1.0656008501711347,False,0.028021985442072017,0.019335532613861117,True,3,2,部分收敛/待确认,-0.3254565995104499,0.6044622425629291,-0.004115927021781984,0.08169827077343239,-0.029909929502165866,0.03459482823110882,-0.1098826014038139,277.0,271.0,0.034657039711191384,0.057564575645756566,True,1,2026-08-12,科创板20%,25,20.000000000000018,8,3,0,1,0,0.7159090909090909,4.715909090909091,中期上升趋势延续,True,,生命周期否决/修正：重点排除长期下降修复；不把接近250日高点或累计涨幅本身当成越高越好,34,True,,,76,1.7159090909090908,入选：满足三级生命周期筛选资格条件；本阶段不设置数量下限或上限,True,True,True,True,False,True,True,False,False,距离短周期稳健上沿较远,核心：振幅、流动性（成交量/换手合并）与短期止跌三类证据中至少两类支持+40日趋势仍活；缺失量价/换手必须明示；2%-6%单日加速仅为中等证据
000720,新能泰山,3.98,0.031088082901554515,0.041884816753926746,0.01790281329923271,0.033766233766233666,0.30491803278688523,-0.014851485148514865,0.012722646310432628,0.0771276595744681,-0.01728395061728394,0.11516853932584273,0.6696938245978203,29092444.6,36227470.6,0.8030492915505948,0.0148194445963506,0.028831325400895925,0.5140049716857654,True,0.008350730688935215,0.0010370754472386334,True,3,3,收敛较充分,-0.4456824512534818,0.23444976076555024,0.04106722469264956,0.020605626231858132,-0.025491689440437115,-0.008137983609681543,0.02051282051282044,3.76,3.76,0.0585106382978724,0.0585106382978724,True,1,2026-08-12,沪深主板10%,12,10.081743869209813,15,0,0,1,0,2.9886363636363638,3.9886363636363638,中段/待确认,True,,生命周期否决/修正：重点排除长期下降修复；不把接近250日高点或累计涨幅本身当成越高越好,53,True,,,76,1.7159090909090908,入选：满足三级生命周期筛选资格条件；本阶段不设置数量下限或上限,True,True,True,True,True,True,True,True,True,,核心：振幅、流动性（成交量/换手合并）与短期止跌三类证据中至少两类支持+40日趋势仍活；缺失量价/换手必须明示；2%-6%单日加速仅为中等证据
002265,建设工业,22.33,0.05779251539554697,0.04102564102564088,0.19667738478027852,0.09729729729729719,0.3947532792004995,0.18085668958223144,0.07407407407407396,0.10311284046692612,-0.015432098765432167,0.2397759103641455,0.4300383650314562,31292615.6,18879584.5,1.6574843371155759,0.0247544557083332,0.0182757464006923,1.3544976585687072,False,0.012298959318826519,0.04758092760294175,True,3,2,部分收敛/待确认,-0.4528301886792454,0.2590216519647152,0.12735075097816484,0.021755619914494595,0.01096948210693438,-0.02789774018734048,0.017312072892938346,20.56,18.6,0.08608949416342404,0.20053763440860206,True,1,2026-09-02,沪深主板10%,25,10.005130836326327,14,0,0,1,0,2.897727272727273,3.897727272727273,中段/待确认,True,,生命周期否决/修正：重点排除长期下降修复；不把接近250日高点或累计涨幅本身当成越高越好,54,True,,,76,1.7159090909090908,入选：满足三级生命周期筛选资格条件；本阶段不设置数量下限或上限,True,True,True,True,False,True,True,True,True,,核心：振幅、流动性（成交量/换手合并）与短期止跌三类证据中至少两类支持+40日趋势仍活；缺失量价/换手必须明示；2%-6%单日加速仅为中等证据
300363,博腾股份,20.94,-0.04076958314246437,0.08892355694227772,0.036633663366336666,-0.0635062611806797,0.11620469083155638,0.47881355932203395,0.034074074074074145,0.1767810026385225,-0.14460784313725483,0.254301075268817,0.6951641964220975,28385261.0,30422779.2,0.9330265592566244,0.056900666912382006,0.06098504522498993,0.9330265592566247,True,0.0655568193568401,0.009220325244440053,True,3,3,收敛较充分,-0.3082259663032705,0.45214327657075754,0.012988897757782558,0.04222609055342019,0.057779268059015454,-0.009535935727703726,-0.010864430798299463,18.95,18.6,0.10501319261213737,0.12580645161290316,True,2,2026-08-20,创业板20%,16,20.02348796241926,14,0,0,1,0,2.897727272727273,3.897727272727273,中段/待确认,True,,生命周期否决/修正：重点排除长期下降修复；不把接近250日高点或累计涨幅本身当成越高越好,54,True,,,76,1.7159090909090908,入选：满足三级生命周期筛选资格条件；本阶段不设置数量下限或上限,True,True,True,True,True,True,True,True,True,,核心：振幅、流动性（成交量/换手合并）与短期止跌三类证据中至少两类支持+40日趋势仍活；缺失量价/换手必须明示；2%-6%单日加速仅为中等证据
600165,宁科生物,3.21,-0.03603603603603611,0.022292993630573132,0.015822784810126445,0.30487804878048785,0.39565217391304364,0.17582417582417587,-0.12534059945504084,0.0900321543408361,-0.10833333333333339,0.16504854368932048,0.545488935123889,19786420.4,23184839.6,0.8534206292287654,0.0148769231675623,0.03163379441293683,0.47028576380575743,True,0.01942355889724312,-2.220446049250313e-16,True,3,3,收敛较充分,-0.2770270270270271,0.4628820960698689,0.02164226607256503,0.05490909090909102,0.025090954710826896,-0.03427550357374942,-0.04179104477611939,3.11,3.09,0.032154340836012985,0.03883495145631066,True,2,2026-08-18,沪深主板10%,25,10.1123595505618,12,0,0,1,0,2.590909090909091,3.590909090909091,中段/待确认,True,120日趋势偏弱,生命周期否决/修正：重点排除长期下降修复；不把接近250日高点或累计涨幅本身当成越高越好,56,True,,,76,1.7159090909090908,入选：满足三级生命周期筛选资格条件；本阶段不设置数量下限或上限,True,True,True,True,True,True,True,False,True,,核心：振幅、流动性（成交量/换手合并）与短期止跌三类证据中至少两类支持+40日趋势仍活；缺失量价/换手必须明示；2%-6%单日加速仅为中等证据
600698,湖南天雁,8.04,0.025510204081632626,0.0164348925410871,0.11203319502074671,0.1355932203389829,0.4105263157894734,0.24651162790697656,0.13080168776371282,0.12182061579651955,-0.04057279236276867,0.22085889570552156,0.5515766770786855,90911691.2,47706794.6,1.9056340289104228,0.0893928103644014,0.05744679942816806,1.5560973153287483,False,0.0387029288702927,0.03357410379882286,True,3,2,部分收敛/待确认,-0.35936254980079696,0.36478873239436604,0.09566639411283728,0.03152163530423158,0.02906690824382041,-0.014591543295345621,-0.026634382566586012,7.47,7.11,0.07630522088353398,0.13080168776371282,True,2,2026-09-09,沪深主板10%,12,10.060975609756095,12,0,0,1,0,2.590909090909091,3.590909090909091,中段/待确认,True,,生命周期否决/修正：重点排除长期下降修复；不把接近250日高点或累计涨幅本身当成越高越好,56,True,,,76,1.7159090909090908,入选：满足三级生命周期筛选资格条件；本阶段不设置数量下限或上限,True,True,True,True,False,True,True,False,True,,核心：振幅、流动性（成交量/换手合并）与短期止跌三类证据中至少两类支持+40日趋势仍活；缺失量价/换手必须明示；2%-6%单日加速仅为中等证据
603980,吉华集团,7.92,-0.02822085889570558,-0.0025188916876575096,0.11549295774647894,0.13956834532374107,0.28363047001620756,0.3538461538461539,0.26114649681528657,0.12771739130434787,-0.058263971462544584,0.31406249999999997,0.4066623404715554,68192000.0,57787638.3,1.1800447640027538,0.0949938204385591,0.08537941791167028,1.112607965269047,False,0.02323759791122737,0.042791576673866016,True,3,2,部分收敛/待确认,-0.09174311926605516,0.7984886649874054,0.0890340323135097,0.03404152583293096,0.05411623225536588,-0.0023823236818681925,-0.03296703296703296,7.36,6.91,0.07608695652173902,0.14616497829233,True,1,2026-09-01,沪深主板10%,25,9.999999999999986,11,0,0,1,0,2.409090909090909,3.409090909090909,中段/待确认,True,,生命周期否决/修正：重点排除长期下降修复；不把接近250日高点或累计涨幅本身当成越高越好,58,True,,,76,1.7159090909090908,入选：满足三级生命周期筛选资格条件；本阶段不设置数量下限或上限,True,True,True,True,False,True,True,False,True,,核心：振幅、流动性（成交量/换手合并）与短期止跌三类证据中至少两类支持+40日趋势仍活；缺失量价/换手必须明示；2%-6%单日加速仅为中等证据
000059,华锦股份,5.58,-0.03626943005181349,-0.029565217391304355,0.0017953321364452268,0.2210065645514223,0.26530612244897966,0.38805970149253755,0.0017953321364452268,0.11615245009074421,-0.10719999999999996,0.36462882096069865,0.3185498331829991,73791215.4,93539995.9,0.7888734085351825,0.046336770804275035,0.05848395421338413,0.7922988694507733,True,-0.004792879150975815,0.03367003367003352,True,3,3,收敛较充分,-0.19130434782608696,0.5887850467289719,0.04260089686098656,0.04116486357760096,0.05838013040364842,-0.02157691724637456,-0.09268292682926838,5.51,5.51,0.012704174228675091,0.012704174228675091,True,3,2026-09-08,沪深主板10%,25,10.079051383399218,10,0,0,1,0,2.1363636363636367,3.1363636363636367,中段/待确认,True,,生命周期否决/修正：重点排除长期下降修复；不把接近250日高点或累计涨幅本身当成越高越好,59,True,,,76,1.7159090909090908,入选：满足三级生命周期筛选资格条件；本阶段不设置数量下限或上限,True,True,True,True,True,True,True,False,False,距离短周期稳健上沿较远,核心：振幅、流动性（成交量/换手合并）与短期止跌三类证据中至少两类支持+40日趋势仍活；缺失量价/换手必须明示；2%-6%单日加速仅为中等证据
002041,登海种业,10.77,-0.03321364452423703,-0.019125683060109422,-0.03839285714285712,0.2730496453900708,0.29447115384615374,0.25670945157526237,-0.005540166204986208,0.1724461105904405,-0.1390887290167866,0.2955288985823338,0.5835169129573206,74462292.4,82592303.1,0.9015645478470743,0.090919571590909,0.09385488988636359,0.9687249295267559,True,0.02308518253400149,0.003220900062628651,True,3,3,收敛较充分,-0.14523809523809528,0.622680412371134,0.0028399832394432334,0.049741758813130366,0.05256833311080178,-0.009333415205396767,-0.11138613861386137,10.67,10.19,0.009372071227741197,0.056918547595682156,True,4,2026-09-01,沪深主板10%,25,10.043196544276455,10,0,0,1,0,2.1363636363636367,3.1363636363636367,中段/待确认,True,120日趋势偏弱,生命周期否决/修正：重点排除长期下降修复；不把接近250日高点或累计涨幅本身当成越高越好,59,True,,,76,1.7159090909090908,入选：满足三级生命周期筛选资格条件；本阶段不设置数量下限或上限,True,True,True,True,True,True,True,False,False,距离短周期稳健上沿较远,核心：振幅、流动性（成交量/换手合并）与短期止跌三类证据中至少两类支持+40日趋势仍活；缺失量价/换手必须明示；2%-6%单日加速仅为中等证据
002107,沃华医药,6.74,-0.028818443804034644,-0.011730205278592365,-0.06777316735822958,0.06984126984126982,0.0836012861736335,0.16811091854419424,0.06984126984126982,0.11729323308270666,-0.09286675639300124,0.22222222222222218,0.5278195488721801,30640788.2,25828086.1,1.1863359941331464,0.0334624427125581,0.045201696242425114,0.7402917477497478,True,0.007181844297615703,0.012159814707585426,True,3,3,收敛较充分,-0.18990384615384615,0.46440677966101696,0.00394727042526255,0.029676400947119097,0.030203455735370532,-8.968494958438988e-05,-0.0842391304347826,6.65,6.61,0.013533834586466176,0.01966717095310133,True,2,2026-09-01,沪深主板10%,25,10.045662100456632,10,0,0,1,0,2.1363636363636367,3.1363636363636367,中段/待确认,True,,生命周期否决/修正：重点排除长期下降修复；不把接近250日高点或累计涨幅本身当成越高越好,59,True,,,76,1.7159090909090908,入选：满足三级生命周期筛选资格条件；本阶段不设置数量下限或上限,True,True,True,True,True,True,True,False,False,距离短周期稳健上沿较远,核心：振幅、流动性（成交量/换手合并）与短期止跌三类证据中至少两类支持+40日趋势仍活；缺失量价/换手必须明示；2%-6%单日加速仅为中等证据
002724,海洋王,6.78,-0.017391304347826098,-0.011661807580174988,-0.021645021645021578,0.0,0.37525354969574054,0.34257425742574266,-0.03966005665722372,0.10447761194029853,-0.09115281501340478,0.20915032679738566,0.4995335820895523,15224505.2,29991492.4,0.5076274630468206,0.0239849615842911,0.052943763216316275,0.4530271391229588,True,0.000572737686139968,0.006488824801730297,True,3,3,收敛较充分,-0.18313253012048192,0.5824175824175823,0.005860099399154439,0.048455248861329014,0.05415218470705074,-0.02261881775301322,-0.06995884773662553,6.7,6.7,0.011940298507462588,0.011940298507462588,True,2,2026-08-14,沪深主板10%,11,10.064935064935066,10,0,0,1,0,2.1363636363636367,3.1363636363636367,中段/待确认,True,120日趋势偏弱,生命周期否决/修正：重点排除长期下降修复；不把接近250日高点或累计涨幅本身当成越高越好,59,True,,,76,1.7159090909090908,入选：满足三级生命周期筛选资格条件；本阶段不设置数量下限或上限,True,True,True,True,True,True,True,False,False,,核心：振幅、流动性（成交量/换手合并）与短期止跌三类证据中至少两类支持+40日趋势仍活；缺失量价/换手必须明示；2%-6%单日加速仅为中等证据
600683,京投发展,9.72,-0.0010277492291880241,-0.007150153217568844,-0.11956521739130421,-0.24825986078886308,0.0565217391304349,-0.23404255319148926,-0.015197568389057614,0.09957627118644082,-0.31645569620253167,0.2688284518828452,0.37040823056123506,26716228.4,48208199.8,0.5541843194899803,0.036065113885996744,0.06507783172065877,0.5541843194899805,True,-0.01330108827085863,-0.017668187554606196,False,3,2,部分收敛/待确认,-0.5547411818598258,0.324595649749024,-0.05977945443993038,0.03448039484507803,-0.05430864236230848,0.037367152971782724,-0.046123650637880154,9.44,9.44,0.029661016949152685,0.029661016949152685,True,6,2026-08-27,沪深主板10%,16,10.042553191489368,10,0,0,1,0,2.1363636363636367,3.1363636363636367,中段/待确认,True,120日趋势偏弱,生命周期否决/修正：重点排除长期下降修复；不把接近250日高点或累计涨幅本身当成越高越好,59,True,,,76,1.7159090909090908,入选：满足三级生命周期筛选资格条件；本阶段不设置数量下限或上限,True,True,True,True,True,False,True,False,True,,核心：振幅、流动性（成交量/换手合并）与短期止跌三类证据中至少两类支持+40日趋势仍活；缺失量价/换手必须明示；2%-6%单日加速仅为中等证据
600969,郴电国际,10.17,-0.051305970149253755,-0.0009823182711198308,0.007928642220019766,0.16228571428571437,0.25710754017305315,0.1880841121495327,0.020060180541624728,0.16164658634538145,-0.12100259291270532,0.2783751493428913,0.5806789389316921,30689558.6,25130601.0,1.2212027320795074,0.0649187098482487,0.0679112772083281,0.9559341617019034,True,0.027325581395348797,0.019461372125024745,True,3,3,收敛较充分,-0.1811594202898551,0.5989304812834225,0.04420144771292156,0.0459684060792096,0.020674388267383215,-0.00758450996128357,-0.1156521739130435,9.96,9.67,0.02108433734939741,0.05170630816959676,True,3,2026-09-03,沪深主板10%,25,9.999999999999986,10,0,0,1,0,2.1363636363636367,3.1363636363636367,中段/待确认,True,,生命周期否决/修正：重点排除长期下降修复；不把接近250日高点或累计涨幅本身当成越高越好,59,True,,,76,1.7159090909090908,入选：满足三级生命周期筛选资格条件；本阶段不设置数量下限或上限,True,True,True,True,True,True,True,False,False,距离短周期稳健上沿较远,核心：振幅、流动性（成交量/换手合并）与短期止跌三类证据中至少两类支持+40日趋势仍活；缺失量价/换手必须明示；2%-6%单日加速仅为中等证据
603400,华之杰,49.7,-0.046431312356101206,-0.0727611940298507,0.12214946940618665,0.1563517915309447,0.3733075435203097,0.054306321595248175,-0.03794037940379391,0.11788617886178855,-0.09636363636363632,0.27861516721620344,0.4231147214261659,4060198.6,4446029.7,0.913218955779805,0.1349469743024269,0.12271654695718955,1.0996640440795975,True,-0.000694444444444775,0.034010256410256456,True,3,3,收敛较充分,-0.2784552845528454,0.49473129610115923,0.026128069867553227,0.030487004941474938,0.01438143170661732,-0.01572468295648366,-0.0845459568981396,49.2,43.53,0.010162601626016343,0.14174132781989446,True,1,2026-08-18,沪深主板10%,12,10.009140767824508,10,0,0,1,0,2.1363636363636367,3.1363636363636367,中段/待确认,True,120日趋势偏弱,生命周期否决/修正：重点排除长期下降修复；不把接近250日高点或累计涨幅本身当成越高越好,59,True,,,76,1.7159090909090908,入选：满足三级生命周期筛选资格条件；本阶段不设置数量下限或上限,True,True,True,True,True,True,True,False,False,距离短周期稳健上沿较远,核心：振幅、流动性（成交量/换手合并）与短期止跌三类证据中至少两类支持+40日趋势仍活；缺失量价/换手必须明示；2%-6%单日加速仅为中等证据
603011,合锻智能,25.81,-0.038017144986954854,0.0665289256198347,-0.06654611211573236,0.06432989690721636,0.27456790123456787,-0.3474083438685208,0.21060037523452158,0.16211745244003314,-0.08149466192170829,0.27890841813135975,0.5812569356141821,58251247.6,51502757.9,1.1310316180174889,0.1365765498469859,0.10416920309307223,1.3111029535760066,False,0.030442948818281135,0.013476562499999956,True,3,2,部分收敛/待确认,-0.37657004830917873,0.42044609665427507,0.026487432389436627,0.06442252736785004,-0.046949415790728866,-0.0033670496399317296,-0.05110294117647063,24.18,24.01,0.06741108354011582,0.07496876301541011,True,3,2026-08-28,沪深主板10%,25,10.021881838074398,9,0,0,1,0,1.6704545454545454,2.6704545454545454,中段/待确认,True,,生命周期否决/修正：重点排除长期下降修复；不把接近250日高点或累计涨幅本身当成越高越好,66,True,,,76,1.7159090909090908,入选：满足三级生命周期筛选资格条件；本阶段不设置数量下限或上限,True,True,True,True,False,True,True,False,False,,核心：振幅、流动性（成交量/换手合并）与短期止跌三类证据中至少两类支持+40日趋势仍活；缺失量价/换手必须明示；2%-6%单日加速仅为中等证据
603151,邦基科技,17.74,-0.035869565217391264,-0.021511307225593024,0.10805746408494676,0.11783238815374908,0.39137254901960783,0.5293103448275862,0.0278099652375432,0.15909090909090892,-0.13039215686274508,0.2102803738317756,0.7565656565656561,7950487.2,4222147.1,1.8830436296262631,0.05096991770287325,0.02465029617857818,2.067720295676106,False,0.04298186702484896,0.048844845783980295,True,3,2,部分收敛/待确认,-0.42514581983149713,0.3543307086614173,0.06275273326344144,0.07687388663042971,0.07576912963449911,-0.020291769570960794,-0.09165386584741442,17.6,15.87,0.007954545454545325,0.11783238815374908,True,2,2026-09-04,沪深主板10%,25,10.012135922330078,9,0,0,1,0,1.6704545454545454,2.6704545454545454,中段/待确认,True,,生命周期否决/修正：重点排除长期下降修复；不把接近250日高点或累计涨幅本身当成越高越好,66,True,,,76,1.7159090909090908,入选：满足三级生命周期筛选资格条件；本阶段不设置数量下限或上限,True,True,True,True,False,True,True,False,False,距离短周期稳健上沿较远,核心：振幅、流动性（成交量/换手合并）与短期止跌三类证据中至少两类支持+40日趋势仍活；缺失量价/换手必须明示；2%-6%单日加速仅为中等证据
688152,麒麟信安,35.44,0.012571428571428456,-0.025302530253025313,-0.06834910620399581,0.25495750708215303,0.40023706045041485,0.14952967888420376,0.012571428571428456,0.13119533527696794,-0.1330724070450099,0.3359477124183007,0.3905230797154882,5031831.0,6192721.0,0.8125395928542558,0.039575310528925,0.06077367937742016,0.6511916167384265,True,-0.021861507350932174,0.01307062578049134,False,3,2,部分收敛/待确认,-0.40814963259853043,0.3233665559246953,0.01286081737639333,0.05235798098212663,0.03522398425743711,-0.01497267563558291,-0.0780437044745057,34.3,34.3,0.033236151603498465,0.033236151603498465,True,2,2026-08-28,科创板20%,25,19.999999999999996,9,0,0,1,0,1.6704545454545454,2.6704545454545454,中段/待确认,True,,生命周期否决/修正：重点排除长期下降修复；不把接近250日高点或累计涨幅本身当成越高越好,66,True,,,76,1.7159090909090908,入选：满足三级生命周期筛选资格条件；本阶段不设置数量下限或上限,True,True,True,True,True,False,True,False,False,,核心：振幅、流动性（成交量/换手合并）与短期止跌三类证据中至少两类支持+40日趋势仍活；缺失量价/换手必须明示；2%-6%单日加速仅为中等证据
000520,凤凰航运,4.23,-0.029816513761467878,-0.04729729729729726,-0.004705882352941115,0.10156250000000022,0.11904761904761929,-0.036446469248291424,0.0,0.10047846889952151,-0.0903225806451613,0.1259079903147701,0.7980309164519682,62052920.6,53023692.4,1.170286673585184,0.0652076641248917,0.052390632549170514,1.2446435737093255,False,0.002742230347349217,0.010942956926659031,True,3,2,部分收敛/待确认,-0.2078651685393258,0.4585365853658539,-0.012489786389634605,0.02522596548890732,-0.004271070615034178,-0.009925809125275298,-0.08043478260869552,4.18,4.17,0.011961722488038395,0.014388489208633226,True,2,2026-08-20,沪深主板10%,13,9.975062344139651,8,0,0,1,0,0.7159090909090909,1.7159090909090908,中段/待确认,True,,生命周期否决/修正：重点排除长期下降修复；不把接近250日高点或累计涨幅本身当成越高越好,69,True,,,76,1.7159090909090908,入选：满足三级生命周期筛选资格条件；本阶段不设置数量下限或上限,True,True,True,True,False,True,True,False,False,距离短周期稳健上沿较远,核心：振幅、流动性（成交量/换手合并）与短期止跌三类证据中至少两类支持+40日趋势仍活；缺失量价/换手必须明示；2%-6%单日加速仅为中等证据
002445,中南文化,3.09,-0.022151898734177333,-0.028301886792452935,-0.15803814713896458,0.03344481605351168,0.13602941176470584,-0.04037267080745355,-0.24264705882352944,0.06514657980456032,-0.24264705882352944,0.3509933774834437,0.18560629340544543,69504280.4,153082316.0,0.454032067296395,0.029373124715179853,0.06469394307341927,0.4540320672963951,True,-0.022727272727272818,-0.04314646316407389,False,3,2,部分收敛/待确认,-0.35220125786163514,0.31147540983606553,-0.052147239263803824,0.024451206259508806,-0.012956611682726327,0.01635226444952398,-0.05504587155963303,3.07,3.07,0.006514657980456029,0.006514657980456029,True,2,2026-08-25,沪深主板10%,16,10.130718954248374,8,0,0,1,0,0.7159090909090909,1.7159090909090908,中段/待确认,True,120日趋势偏弱,生命周期否决/修正：重点排除长期下降修复；不把接近250日高点或累计涨幅本身当成越高越好,69,True,,,76,1.7159090909090908,入选：满足三级生命周期筛选资格条件；本阶段不设置数量下限或上限,True,True,True,True,True,False,True,False,False,,核心：振幅、流动性（成交量/换手合并）与短期止跌三类证据中至少两类支持+40日趋势仍活；缺失量价/换手必须明示；2%-6%单日加速仅为中等证据
002742,冀衡医药,4.37,-0.009070294784580546,-0.03532008830022082,-0.2292768959435626,0.0045977011494253706,0.19398907103825125,0.21052631578947367,-0.045851528384279416,0.09859154929577464,-0.2996794871794872,0.56,0.17605633802816897,67055493.4,78845769.2,0.8504640652297676,0.12798776467731765,0.15049167849642128,0.8504640652297677,True,-0.07339449541284393,-0.04109855862874956,False,3,2,部分收敛/待确认,-0.2996794871794872,0.38888888888888884,-0.0795155344918379,0.04014823965410752,0.041206161343660286,0.013853904282115748,-0.06623931623931612,4.26,4.26,0.025821596244131495,0.025821596244131495,True,6,2026-08-28,沪深主板10%,16,10.133333333333328,8,0,0,1,0,0.7159090909090909,1.7159090909090908,中段/待确认,True,120日趋势偏弱,生命周期否决/修正：重点排除长期下降修复；不把接近250日高点或累计涨幅本身当成越高越好,69,True,,,76,1.7159090909090908,入选：满足三级生命周期筛选资格条件；本阶段不设置数量下限或上限,True,True,True,True,True,False,True,False,False,,核心：振幅、流动性（成交量/换手合并）与短期止跌三类证据中至少两类支持+40日趋势仍活；缺失量价/换手必须明示；2%-6%单日加速仅为中等证据
300345,华民股份,7.23,-0.017663043478260865,-0.05613577023498695,-0.12043795620437958,0.05087209302325579,0.11402157164869031,0.2029950083194676,-0.021650879566982306,0.09396914446002805,-0.28273809523809523,0.3404255319148937,0.2760343618513323,25810860.0,68654366.4,0.37595365529438485,0.05368943981233776,0.1428086655263321,0.37595365529438485,True,-0.0255541069100389,-0.053454858972779795,False,3,2,部分收敛/待确认,-0.28273809523809523,0.44117647058823534,-0.1216134127080547,0.052307692307692166,0.04328905176362796,0.01518602885345488,-0.07307692307692304,7.13,7.13,0.014025245441795287,0.014025245441795287,True,1,2026-08-17,创业板20%,16,19.946091644204866,8,0,0,1,0,0.7159090909090909,1.7159090909090908,中段/待确认,True,120日趋势偏弱,生命周期否决/修正：重点排除长期下降修复；不把接近250日高点或累计涨幅本身当成越高越好,69,True,,,76,1.7159090909090908,入选：满足三级生命周期筛选资格条件；本阶段不设置数量下限或上限,True,True,True,True,True,False,True,False,False,,核心：振幅、流动性（成交量/换手合并）与短期止跌三类证据中至少两类支持+40日趋势仍活；缺失量价/换手必须明示；2%-6%单日加速仅为中等证据
301127,武汉天源,16.74,-0.04397487150199908,-0.03515850144092236,-0.15111561866125767,0.1071428571428572,0.09698558322411532,0.134915254237288,-0.0023837902264601807,0.11924939467312343,-0.17618110236220486,0.2779874213836478,0.4289740668105571,22866297.2,33941989.3,0.6736875967372956,0.040806675248523,0.05186518967420006,0.7867834959219664,True,-0.010075851918940226,-0.03393454306233212,False,3,2,部分收敛/待确认,-0.21885207652823147,0.514994829369183,-0.08329226219812735,0.043169121381411824,0.04611192410556608,0.011774276191029553,-0.09464575446187129,16.52,15.9,0.013317191283293006,0.05283018867924527,True,1,2026-08-17,创业板20%,25,19.973544973544975,8,0,0,1,0,0.7159090909090909,1.7159090909090908,中段/待确认,True,120日趋势偏弱,生命周期否决/修正：重点排除长期下降修复；不把接近250日高点或累计涨幅本身当成越高越好,69,True,,,76,1.7159090909090908,入选：满足三级生命周期筛选资格条件；本阶段不设置数量下限或上限,True,True,True,True,True,False,True,False,False,距离短周期稳健上沿较远,核心：振幅、流动性（成交量/换手合并）与短期止跌三类证据中至少两类支持+40日趋势仍活；缺失量价/换手必须明示；2%-6%单日加速仅为中等证据
600397,江钨装备,16.98,-0.039049235993208864,-0.050866405813303484,-0.10772464529689962,-0.029714285714285693,0.02227573750752554,-0.07516339869281041,0.059263880224578847,0.10606060606060606,-0.13850837138508376,0.19547953573610258,0.542566287878788,82184060.0,95509693.7,0.8604787306526562,0.08301756616032244,0.09647834769530589,0.8604787306526562,True,-0.03562626036298444,-0.011900170789488462,False,3,2,部分收敛/待确认,-0.4658697703680402,0.421484375,-0.05306304547862695,0.035651654045436354,0.02877180694688919,-0.0019126040607604367,-0.06958904109589037,16.5,16.5,0.029090909090909056,0.029090909090909056,True,3,2026-08-27,沪深主板10%,25,10.006064281382665,8,0,0,1,0,0.7159090909090909,1.7159090909090908,中段/待确认,True,,生命周期否决/修正：重点排除长期下降修复；不把接近250日高点或累计涨幅本身当成越高越好,69,True,,,76,1.7159090909090908,入选：满足三级生命周期筛选资格条件；本阶段不设置数量下限或上限,True,True,True,True,True,False,True,False,False,距离短周期稳健上沿较远,核心：振幅、流动性（成交量/换手合并）与短期止跌三类证据中至少两类支持+40日趋势仍活；缺失量价/换手必须明示；2%-6%单日加速仅为中等证据
603358,华达科技,43.37,-0.038572378630015614,-0.06530172413793112,-0.040486725663716916,-0.012747552925108208,0.27296742001761065,0.10807358201328565,-0.02495503597122306,0.13294392523364498,-0.173904761904762,0.19508308672888688,0.6814733530354753,9729815.8,12074042.7,0.805845733840249,0.0230393944727231,0.026147272207601092,0.8811395043351972,True,-0.06075192962071552,-0.012951913681628291,False,3,2,部分收敛/待确认,-0.23442188879082082,0.5502878428716559,-0.07624149351963283,0.03402063433749691,0.04161933113862326,-0.006280005301025349,-0.10558878119199844,42.8,42.8,0.013317757009345899,0.013317757009345899,True,1,2026-08-31,沪深主板10%,25,9.999999999999986,8,0,0,1,0,0.7159090909090909,1.7159090909090908,中段/待确认,True,120日趋势偏弱,生命周期否决/修正：重点排除长期下降修复；不把接近250日高点或累计涨幅本身当成越高越好,69,True,,,76,1.7159090909090908,入选：满足三级生命周期筛选资格条件；本阶段不设置数量下限或上限,True,True,True,True,True,False,True,False,False,距离短周期稳健上沿较远,核心：振幅、流动性（成交量/换手合并）与短期止跌三类证据中至少两类支持+40日趋势仍活；缺失量价/换手必须明示；2%-6%单日加速仅为中等证据
688185,康希诺,65.8,-0.043882592269688936,-0.10996888949005823,-0.29079543004957964,0.16008462623413244,0.24268177525967882,0.322347266881029,-0.08215929697307855,0.13503537373115967,-0.31827600497306263,0.4299259259259259,0.3140898596434624,8272883.4,14698134.1,0.5628526276678889,0.07233254842421108,0.1285106347000851,0.5628526276678888,True,-0.04418935109080291,-0.05688841369598685,False,3,2,部分收敛/待确认,-0.31827600497306263,0.38101954463026394,-0.06941881103403413,0.05276664861938274,0.06680563307318255,0.0036667524142581787,-0.10840108401084014,65.02,65.02,0.011996308828053026,0.011996308828053026,True,3,2026-08-26,科创板20%,16,20.006208288064542,8,0,0,1,0,0.7159090909090909,1.7159090909090908,中段/待确认,True,120日趋势偏弱,生命周期否决/修正：重点排除长期下降修复；不把接近250日高点或累计涨幅本身当成越高越好,69,True,,,76,1.7159090909090908,入选：满足三级生命周期筛选资格条件；本阶段不设置数量下限或上限,True,True,True,True,True,False,True,False,False,距离短周期稳健上沿较远,核心：振幅、流动性（成交量/换手合并）与短期止跌三类证据中至少两类支持+40日趋势仍活；缺失量价/换手必须明示；2%-6%单日加速仅为中等证据
