股票代码,股票名称
003040,楚天龙
002918,蒙娜丽莎
000011,深物业A
600654,中安科
603395,红四方
600508,上海能源
000062,深圳华强
000716,黑芝麻
603011,合锻智能
603580,艾艾精工
600362,江西铜业
600737,中粮糖业
603186,华正新材
600367,红星发展
002212,天融信
600397,江钨装备
002155,湖南黄金
600162,香江控股
000592,平潭发展
600785,新华百货
600110,诺德股份
600613,神奇制药
002837,英维克
002396,星网锐捷
600186,莲花控股
000938,紫光股份
600487,亨通光电
603618,杭电股份
605179,一鸣食品
601212,白银有色
002081,金 螳 螂
600172,黄河旋风
600869,远东股份
002354,天娱数科
600664,哈药股份
600722,金牛化工
000017,深中华A
002909,集泰股份
003005,竞业达
600892,大晟文化
002418,康盛股份
600479,千金药业
603270,金帝股份
300911,亿田智能
600127,金健米业
600828,茂业商业
603269,海鸥股份
000712,锦龙股份
002708,光洋股份
002059,云南旅游
003018,金富科技
601566,九牧王
301151,冠龙节能
002328,新朋股份
300830,金现代
300368,汇金股份
600967,内蒙一机
600540,新赛股份
603721,中广天择
600714,金瑞矿业
002084,海鸥住工
601086,国芳集团
688209,英集芯
600657,信达地产
600371,万向德农
002855,捷荣技术
300413,芒果超媒
603138,海量数据
603150,万朗磁塑
600095,湘财股份
002104,恒宝股份
002949,华阳国际
601579,会稽山
603162,海通发展
600865,百大集团
600108,亚盛集团
002403,爱仕达
000560,我爱我家
605577,龙版传媒
000892,欢瑞世纪
600354,敦煌种业
603123,翠微股份
001366,播恩集团
605580,恒盛能源
605398,新炬网络
