股票代码,股票名称,缓存行数,最早交易日,最后交易日,日期已最新,统一深缓存就绪,需要异常补抓
000007,全新好,257,2025-08-22,2026-09-11,True,True,False
000011,深物业A,280,2025-07-21,2026-09-10,False,True,True
000017,深中华A,31,2026-07-31,2026-09-11,True,False,False
000020,深华发Ａ,280,2025-07-22,2026-09-11,True,True,False
000026,飞亚达,280,2025-07-22,2026-09-11,True,True,False
000048,京基智农,124,2026-03-17,2026-09-11,True,False,False
000059,华锦股份,280,2025-07-22,2026-09-11,True,True,False
000062,深圳华强,280,2025-07-22,2026-09-11,True,True,False
000070,特发信息,280,2025-07-21,2026-09-10,False,True,True
000428,华天酒店,280,2025-07-22,2026-09-11,True,True,False
000505,京粮控股,280,2025-07-22,2026-09-11,True,True,False
000506,招金黄金,124,2026-03-17,2026-09-11,True,False,False
000510,新金路,280,2025-07-21,2026-09-10,False,True,True
000517,荣安地产,32,2026-07-30,2026-09-11,True,False,False
000520,凤凰航运,256,2025-08-25,2026-09-11,True,True,False
000523,红棉股份,280,2025-07-22,2026-09-11,True,True,False
000526,学大教育,257,2025-08-22,2026-09-11,True,True,False
000536,华映科技,280,2025-07-22,2026-09-11,True,True,False
000560,我爱我家,31,2026-07-31,2026-09-11,True,False,False
000565,渝三峡Ａ,280,2025-07-22,2026-09-11,True,True,False
000592,平潭发展,124,2026-03-17,2026-09-11,True,False,False
000596,古井贡酒,280,2025-07-22,2026-09-11,True,True,False
000603,盛达资源,124,2026-03-17,2026-09-11,True,False,False
000620,盈新发展,280,2025-07-21,2026-09-10,False,True,True
000626,远大控股,280,2025-07-22,2026-09-11,True,True,False
000628,高新发展,280,2025-07-21,2026-09-10,False,True,True
000635,英 力 特,280,2025-07-18,2026-09-11,True,True,False
000636,风华高科,280,2025-07-21,2026-09-10,False,True,True
000657,中钨高新,32,2026-07-30,2026-09-11,True,False,False
000670,盈方微,257,2025-08-08,2026-09-11,True,True,False
000712,锦龙股份,31,2026-07-31,2026-09-11,True,False,False
000716,黑芝麻,280,2025-07-14,2026-09-10,False,True,True
000720,新能泰山,257,2025-08-22,2026-09-11,True,True,False
000721,西安饮食,257,2025-08-22,2026-09-11,True,True,False
000722,湖南发展,280,2025-07-21,2026-09-10,False,True,True
000723,美锦能源,258,2025-08-21,2026-09-11,True,True,False
000735,罗 牛 山,258,2025-08-21,2026-09-11,True,True,False
000737,北方铜业,280,2025-07-22,2026-09-11,True,True,False
000759,中百集团,280,2025-07-22,2026-09-11,True,True,False
000798,中水渔业,29,2026-08-04,2026-09-11,True,False,False
000811,冰轮环境,32,2026-07-30,2026-09-11,True,False,False
000823,超声电子,280,2025-07-22,2026-09-11,True,True,False
000831,中国稀土,32,2026-07-30,2026-09-11,True,False,False
000833,粤桂股份,280,2025-07-22,2026-09-11,True,True,False
000859,国风新材,32,2026-07-30,2026-09-11,True,False,False
000887,中鼎股份,257,2025-08-22,2026-09-11,True,True,False
000889,中嘉博创,257,2025-08-22,2026-09-11,True,True,False
000890,法尔胜,280,2025-07-22,2026-09-11,True,True,False
000892,欢瑞世纪,32,2026-07-30,2026-09-11,True,False,False
000912,泸天化,280,2025-07-22,2026-09-11,True,True,False
000930,中粮科技,280,2025-07-22,2026-09-11,True,True,False
000931,中 关 村,32,2026-07-30,2026-09-11,True,False,False
000938,紫光股份,30,2026-08-03,2026-09-11,True,False,False
000960,锡业股份,32,2026-07-30,2026-09-11,True,False,False
000962,东方钽业,32,2026-07-30,2026-09-11,True,False,False
000975,山金国际,32,2026-07-30,2026-09-11,True,False,False
000977,浪潮信息,124,2026-03-17,2026-09-11,True,False,False
000978,桂林旅游,280,2025-07-22,2026-09-11,True,True,False
000980,众泰汽车,280,2025-07-22,2026-09-11,True,True,False
000988,华工科技,280,2025-07-22,2026-09-11,True,True,False
000989,九芝堂,32,2026-07-30,2026-09-11,True,False,False
000993,闽东电力,280,2025-07-22,2026-09-11,True,True,False
001210,金房能源,257,2025-08-22,2026-09-11,True,True,False
001223,欧克科技,280,2025-07-22,2026-09-11,True,True,False
001258,立新能源,32,2026-07-30,2026-09-11,True,False,False
001268,联合精密,254,2025-08-27,2026-09-11,True,True,False
001277,速达股份,126,2026-03-13,2026-09-11,True,False,False
001309,德明利,280,2025-07-22,2026-09-11,True,True,False
001326,联域股份,280,2025-07-21,2026-09-10,False,True,True
001330,博纳影业,280,2025-07-22,2026-09-11,True,True,False
001337,四川黄金,124,2026-03-17,2026-09-11,True,False,False
001358,兴欣新材,32,2026-07-30,2026-09-11,True,False,False
001359,平安电工,32,2026-07-30,2026-09-11,True,False,False
001366,播恩集团,280,2025-07-22,2026-09-11,True,True,False
001378,德冠新材,32,2026-07-30,2026-09-11,True,False,False
001696,宗申动力,280,2025-07-22,2026-09-11,True,True,False
002011,盾安环境,280,2025-07-22,2026-09-11,True,True,False
002012,凯恩股份,257,2025-08-22,2026-09-11,True,True,False
002015,协鑫能科,280,2025-07-22,2026-09-11,True,True,False
002017,东信和平,280,2025-07-22,2026-09-11,True,True,False
002037,保利联合,257,2025-08-22,2026-09-11,True,True,False
002038,双鹭药业,32,2026-07-30,2026-09-11,True,False,False
002040,南 京 港,280,2025-07-22,2026-09-11,True,True,False
002041,登海种业,254,2025-08-27,2026-09-11,True,True,False
002046,国机精工,280,2025-07-22,2026-09-11,True,True,False
002059,云南旅游,31,2026-07-31,2026-09-11,True,False,False
002068,黑猫股份,280,2025-07-22,2026-09-11,True,True,False
002072,凯瑞德,280,2025-07-22,2026-09-11,True,True,False
002081,金 螳 螂,280,2025-07-22,2026-09-11,True,True,False
002084,海鸥住工,30,2026-07-27,2026-09-11,True,False,False
002094,青岛金王,280,2025-07-21,2026-09-10,False,True,True
002104,恒宝股份,280,2025-07-22,2026-09-11,True,True,False
002107,沃华医药,280,2025-07-22,2026-09-11,True,True,False
002112,三变科技,32,2026-07-30,2026-09-11,True,False,False
002124,天邦食品,280,2025-07-22,2026-09-11,True,True,False
002141,贤丰控股,124,2026-03-17,2026-09-11,True,False,False
002155,湖南黄金,280,2025-07-01,2026-09-11,True,True,False
002161,远 望 谷,280,2025-07-21,2026-09-10,False,True,True
002165,红 宝 丽,280,2025-07-21,2026-09-10,False,True,True
002171,楚江新材,280,2025-07-22,2026-09-11,True,True,False
002172,澳洋健康,280,2025-07-15,2026-09-11,True,True,False
002174,游族网络,280,2025-07-21,2026-09-10,False,True,True
002180,奔图科技,32,2026-07-30,2026-09-11,True,False,False
002194,武汉凡谷,280,2025-07-21,2026-09-10,False,True,True
002201,九鼎新材,280,2025-07-21,2026-09-10,False,True,True
002212,天融信,280,2025-07-22,2026-09-11,True,True,False
002213,大为股份,32,2026-07-30,2026-09-11,True,False,False
002222,福晶科技,280,2025-07-22,2026-09-11,True,True,False
002229,鸿博股份,256,2025-08-25,2026-09-11,True,True,False
002235,安妮股份,32,2026-07-30,2026-09-11,True,False,False
002256,兆新股份,32,2026-07-30,2026-09-11,True,False,False
002265,建设工业,280,2025-07-22,2026-09-11,True,True,False
002277,友阿股份,280,2025-07-22,2026-09-11,True,True,False
002281,光迅科技,280,2025-07-22,2026-09-11,True,True,False
002295,精艺股份,280,2025-07-22,2026-09-11,True,True,False
002297,博云新材,280,2025-07-22,2026-09-11,True,True,False
002300,太阳电缆,280,2025-07-22,2026-09-11,True,True,False
002303,美盈森,280,2025-07-21,2026-09-10,False,True,True
002322,理工能科,255,2025-08-25,2026-09-10,False,True,True
002328,新朋股份,32,2026-07-30,2026-09-11,True,False,False
002329,皇氏集团,257,2025-08-22,2026-09-11,True,True,False
002348,高乐股份,32,2026-07-30,2026-09-11,True,False,False
002349,精华制药,280,2025-07-22,2026-09-11,True,True,False
002354,天娱数科,124,2026-03-17,2026-09-11,True,False,False
002364,中恒电气,32,2026-07-30,2026-09-11,True,False,False
002365,永安药业,258,2025-08-21,2026-09-11,True,True,False
002370,亚太药业,32,2026-07-30,2026-09-11,True,False,False
002377,国创高新,280,2025-07-22,2026-09-11,True,True,False
002382,蓝帆医疗,280,2025-07-21,2026-09-10,False,True,True
002384,东山精密,32,2026-07-30,2026-09-11,True,False,False
002396,星网锐捷,280,2025-07-22,2026-09-11,True,True,False
002403,爱仕达,30,2026-08-03,2026-09-11,True,False,False
002409,雅克科技,32,2026-07-30,2026-09-11,True,False,False
002418,康盛股份,280,2025-07-22,2026-09-11,True,True,False
002421,达实智能,32,2026-07-30,2026-09-11,True,False,False
002428,云南锗业,32,2026-07-30,2026-09-11,True,False,False
002436,兴森科技,280,2025-07-22,2026-09-11,True,True,False
002437,誉衡药业,124,2026-03-17,2026-09-11,True,False,False
002438,江苏神通,32,2026-07-30,2026-09-11,True,False,False
002445,中南文化,124,2026-03-10,2026-09-11,True,False,False
002448,中原内配,32,2026-07-30,2026-09-11,True,False,False
002457,青龙管业,280,2025-07-22,2026-09-11,True,True,False
002463,沪电股份,280,2025-07-22,2026-09-11,True,True,False
002470,金正大,280,2025-07-22,2026-09-11,True,True,False
002474,榕基软件,126,2026-03-13,2026-09-11,True,False,False
002476,新叶股份,256,2025-08-25,2026-09-11,True,True,False
002484,江海股份,32,2026-07-30,2026-09-11,True,False,False
002491,通鼎互联,280,2025-07-22,2026-09-11,True,True,False
002498,汉缆股份,280,2025-07-22,2026-09-11,True,True,False
002515,金字火腿,280,2025-07-22,2026-09-11,True,True,False
002517,恺英网络,280,2025-07-22,2026-09-11,True,True,False
002531,天顺风能,280,2025-07-21,2026-09-10,False,True,True
002536,飞龙股份,280,2025-07-22,2026-09-11,True,True,False
002545,东方铁塔,32,2026-07-30,2026-09-11,True,False,False
002548,金新农,280,2025-07-22,2026-09-11,True,True,False
002552,宝鼎科技,32,2026-07-30,2026-09-11,True,False,False
002558,巨人网络,32,2026-07-30,2026-09-11,True,False,False
002564,天沃科技,280,2025-07-22,2026-09-11,True,True,False
002579,中京电子,280,2025-07-22,2026-09-11,True,True,False
002580,圣阳股份,256,2025-08-25,2026-09-11,True,True,False
002582,好想你,280,2025-07-21,2026-09-10,False,True,True
002589,瑞康医药,280,2025-07-21,2026-09-10,False,True,True
002600,领益智造,280,2025-07-22,2026-09-11,True,True,False
002607,中公教育,32,2026-07-30,2026-09-11,True,False,False
002631,德尔未来,280,2025-07-22,2026-09-11,True,True,False
002636,金安国纪,280,2025-07-22,2026-09-11,True,True,False
002638,勤上股份,280,2025-07-21,2026-09-10,False,True,True
002639,雪人集团,280,2025-07-22,2026-09-11,True,True,False
002645,华宏科技,32,2026-07-30,2026-09-11,True,False,False
002655,共达电声,254,2025-08-27,2026-09-11,True,True,False
002659,凯文教育,280,2025-07-21,2026-09-10,False,True,True
002661,克明食品,280,2025-07-22,2026-09-11,True,True,False
002686,亿利达,280,2025-07-16,2026-09-11,True,True,False
002687,乔治白,280,2025-07-21,2026-09-10,False,True,True
002695,煌上煌,32,2026-07-30,2026-09-11,True,False,False
002702,海欣食品,258,2025-08-21,2026-09-11,True,True,False
002703,浙江世宝,280,2025-07-22,2026-09-11,True,True,False
002706,良信股份,32,2026-07-30,2026-09-11,True,False,False
002708,光洋股份,280,2025-07-22,2026-09-11,True,True,False
002716,湖南白银,280,2025-07-22,2026-09-11,True,True,False
002721,金一文化,280,2025-07-22,2026-09-11,True,True,False
002724,海洋王,258,2025-08-21,2026-09-11,True,True,False
002734,利民股份,257,2025-08-22,2026-09-11,True,True,False
002741,光华科技,32,2026-07-30,2026-09-11,True,False,False
002742,冀衡医药,32,2026-07-30,2026-09-11,True,False,False
002743,ST富煌,280,2025-07-18,2026-09-10,False,True,True
002774,快意电梯,32,2026-07-30,2026-09-11,True,False,False
002775,文科股份,32,2026-07-30,2026-09-11,True,False,False
002779,中坚科技,280,2025-07-22,2026-09-11,True,True,False
002790,瑞尔特,280,2025-07-22,2026-09-11,True,True,False
002796,世嘉科技,32,2026-07-30,2026-09-11,True,False,False
002811,郑中设计,280,2025-07-21,2026-09-10,False,True,True
002815,崇达技术,280,2025-07-22,2026-09-11,True,True,False
002827,高争民爆,257,2025-08-22,2026-09-11,True,True,False
002828,贝肯能源,32,2026-07-23,2026-09-11,True,False,False
002829,星网宇达,257,2025-08-22,2026-09-11,True,True,False
002837,英维克,280,2025-07-22,2026-09-11,True,True,False
002846,英联股份,257,2025-08-22,2026-09-11,True,True,False
002851,麦格米特,280,2025-07-21,2026-09-10,False,True,True
002855,捷荣技术,31,2026-07-31,2026-09-11,True,False,False
002859,洁美科技,32,2026-07-30,2026-09-11,True,False,False
002870,香山股份,120,2026-03-10,2026-08-31,False,False,True
002880,卫光生物,280,2025-07-22,2026-09-11,True,True,False
002882,金龙羽,257,2025-08-22,2026-09-11,True,True,False
002886,沃特股份,280,2025-07-22,2026-09-11,True,True,False
002902,铭普光磁,280,2025-07-22,2026-09-11,True,True,False
002907,华森制药,32,2026-07-30,2026-09-11,True,False,False
002908,德生科技,280,2025-07-22,2026-09-11,True,True,False
002909,集泰股份,32,2026-07-30,2026-09-11,True,False,False
002912,中新赛克,280,2025-07-21,2026-09-10,False,True,True
002913,奥士康,256,2025-08-25,2026-09-11,True,True,False
002915,中欣氟材,280,2025-07-21,2026-09-10,False,True,True
002916,深南电路,280,2025-07-22,2026-09-11,True,True,False
002918,蒙娜丽莎,280,2025-07-22,2026-09-11,True,True,False
002929,润建股份,32,2026-07-30,2026-09-11,True,False,False
002931,锋龙股份,32,2026-07-30,2026-09-11,True,False,False
002938,鹏鼎控股,32,2026-07-30,2026-09-11,True,False,False
002942,新农股份,280,2025-07-22,2026-09-11,True,True,False
002947,恒铭达,280,2025-07-21,2026-09-10,False,True,True
002949,华阳国际,280,2025-07-21,2026-09-10,False,True,True
002951,金时科技,280,2025-07-22,2026-09-11,True,True,False
002953,日丰股份,280,2025-07-22,2026-09-11,True,True,False
002957,科瑞技术,280,2025-07-22,2026-09-11,True,True,False
002963,豪尔赛,280,2025-07-22,2026-09-11,True,True,False
002971,和远气体,32,2026-07-30,2026-09-11,True,False,False
002973,侨银股份,257,2025-08-22,2026-09-11,True,True,False
002975,博杰股份,280,2025-07-22,2026-09-11,True,True,False
002980,华盛昌,124,2026-03-17,2026-09-11,True,False,False
002988,豪美新材,280,2025-07-22,2026-09-11,True,True,False
002989,中天精装,32,2026-07-30,2026-09-11,True,False,False
003005,竞业达,32,2026-07-30,2026-09-11,True,False,False
003018,金富科技,280,2025-07-22,2026-09-11,True,True,False
003031,中瓷电子,32,2026-07-30,2026-09-11,True,False,False
003040,楚天龙,31,2026-07-31,2026-09-11,True,False,False
300017,网宿科技,280,2025-07-22,2026-09-11,True,True,False
300051,琏升科技,32,2026-07-30,2026-09-11,True,False,False
300063,天龙集团,280,2025-07-22,2026-09-11,True,True,False
300120,经纬辉开,32,2026-07-30,2026-09-11,True,False,False
300122,智飞生物,280,2025-07-21,2026-09-10,False,True,True
300134,大富科技,257,2025-08-22,2026-09-11,True,True,False
300139,晓程科技,124,2026-03-17,2026-09-11,True,False,False
300142,沃森生物,32,2026-07-30,2026-09-11,True,False,False
300169,天晟新材,280,2025-07-14,2026-09-10,False,True,True
300189,神农种业,280,2025-07-22,2026-09-11,True,True,False
300197,节能铁汉,280,2025-07-21,2026-09-10,False,True,True
300209,行云科技,280,2025-07-21,2026-09-10,False,True,True
300214,日科化学,32,2026-07-30,2026-09-11,True,False,False
300243,瑞丰高材,124,2026-03-17,2026-09-11,True,False,False
300270,中威电子,32,2026-07-30,2026-09-11,True,False,False
300287,飞利信,32,2026-07-30,2026-09-11,True,False,False
300305,裕兴股份,257,2025-08-22,2026-09-11,True,True,False
300319,麦捷科技,280,2025-07-21,2026-09-10,False,True,True
300333,兆日科技,280,2025-07-08,2026-09-11,True,True,False
300345,华民股份,32,2026-07-30,2026-09-11,True,False,False
300359,全通教育,280,2025-07-21,2026-09-10,False,True,True
300363,博腾股份,32,2026-07-30,2026-09-11,True,False,False
300364,中文在线,280,2025-07-21,2026-09-10,False,True,True
300368,汇金股份,280,2025-07-22,2026-09-11,True,True,False
300369,绿盟科技,280,2025-07-22,2026-09-11,True,True,False
300378,鼎捷数智,280,2025-07-22,2026-09-11,True,True,False
300386,飞天诚信,280,2025-07-22,2026-09-11,True,True,False
300394,天孚通信,280,2025-07-22,2026-09-11,True,True,False
300413,芒果超媒,31,2026-07-31,2026-09-11,True,False,False
300456,赛微电子,280,2025-07-22,2026-09-11,True,True,False
300476,胜宏科技,32,2026-07-30,2026-09-11,True,False,False
300480,光力科技,32,2026-07-30,2026-09-11,True,False,False
300499,高澜股份,280,2025-07-22,2026-09-11,True,True,False
300508,维宏股份,32,2026-07-30,2026-09-11,True,False,False
300515,三德科技,257,2025-08-22,2026-09-11,True,True,False
300530,领湃科技,280,2025-07-21,2026-09-10,False,True,True
300538,同益股份,126,2026-03-13,2026-09-11,True,False,False
300553,集智股份,280,2025-07-22,2026-09-11,True,True,False
300562,乐心股份,280,2025-07-22,2026-09-11,True,True,False
300563,神宇股份,280,2025-07-21,2026-09-10,False,True,True
300570,太辰光,280,2025-07-22,2026-09-11,True,True,False
300598,诚迈科技,280,2025-07-22,2026-09-11,True,True,False
300605,恒锋信息,32,2026-07-30,2026-09-11,True,False,False
300613,富瀚微,124,2026-03-17,2026-09-11,True,False,False
300620,光库科技,280,2025-07-08,2026-09-11,True,True,False
300642,透景生命,31,2026-07-31,2026-09-11,True,False,False
300672,国科微,124,2026-03-17,2026-09-11,True,False,False
300679,电连技术,32,2026-07-30,2026-09-11,True,False,False
300684,中石科技,29,2026-08-04,2026-09-11,True,False,False
300686,智动力,126,2026-03-13,2026-09-11,True,False,False
300688,创业黑马,280,2025-07-22,2026-09-11,True,True,False
300711,广哈通信,280,2025-07-22,2026-09-11,True,True,False
300765,石药创新,280,2025-07-22,2026-09-11,True,True,False
300788,中信出版,280,2025-07-22,2026-09-11,True,True,False
300789,唐源电气,32,2026-07-30,2026-09-11,True,False,False
300798,锦鸡股份,280,2025-07-21,2026-09-10,False,True,True
300802,矩子科技,280,2025-07-22,2026-09-11,True,True,False
300805,电声股份,280,2025-07-22,2026-09-11,True,True,False
300830,金现代,280,2025-07-22,2026-09-11,True,True,False
300839,博汇股份,254,2025-08-27,2026-09-11,True,True,False
300841,康华生物,32,2026-07-30,2026-09-11,True,False,False
300846,首都在线,32,2026-07-30,2026-09-11,True,False,False
300852,四会富仕,280,2025-07-22,2026-09-11,True,True,False
300864,南大环境,280,2025-07-22,2026-09-11,True,True,False
300894,火星人,32,2026-07-30,2026-09-11,True,False,False
300897,山科智能,126,2026-03-13,2026-09-11,True,False,False
300903,科翔股份,280,2025-07-22,2026-09-11,True,True,False
300911,亿田智能,32,2026-07-30,2026-09-11,True,False,False
300913,兆龙互连,280,2025-07-22,2026-09-11,True,True,False
300922,天秦装备,280,2025-07-21,2026-09-10,False,True,True
300929,华骐环保,124,2026-03-17,2026-09-11,True,False,False
300939,秋田微,280,2025-07-22,2026-09-11,True,True,False
300961,深水海纳,29,2026-08-04,2026-09-11,True,False,False
300970,华绿生物,280,2025-07-21,2026-09-10,False,True,True
300981,中红医疗,280,2025-07-22,2026-09-11,True,True,False
300985,致远新能,32,2026-07-30,2026-09-11,True,False,False
300990,同飞股份,32,2026-07-30,2026-09-11,True,False,False
301018,申菱环境,280,2025-07-22,2026-09-11,True,True,False
301026,浩通科技,32,2026-07-30,2026-09-11,True,False,False
301045,天禄科技,32,2026-07-30,2026-09-11,True,False,False
301060,兰卫医学,32,2026-07-30,2026-09-11,True,False,False
301085,亚康股份,280,2025-07-22,2026-09-11,True,True,False
301086,鸿富瀚,280,2025-07-22,2026-09-11,True,True,False
301106,骏成科技,280,2025-07-22,2026-09-11,True,True,False
301123,奕东电子,280,2025-07-22,2026-09-11,True,True,False
301127,武汉天源,280,2025-07-22,2026-09-11,True,True,False
301129,瑞纳智能,126,2026-03-13,2026-09-11,True,False,False
301151,冠龙节能,280,2025-07-22,2026-09-11,True,True,False
301152,天力锂能,280,2025-07-22,2026-09-11,True,True,False
301158,德石股份,124,2026-03-17,2026-09-11,True,False,False
301165,锐捷网络,32,2026-07-30,2026-09-11,True,False,False
301171,易点天下,32,2026-07-30,2026-09-11,True,False,False
301176,逸豪新材,280,2025-07-22,2026-09-11,True,True,False
301177,迪阿股份,124,2026-03-17,2026-09-11,True,False,False
301182,凯旺科技,32,2026-07-30,2026-09-11,True,False,False
301183,东田微,280,2025-07-22,2026-09-11,True,True,False
301190,善水科技,126,2026-03-13,2026-09-11,True,False,False
301205,联特科技,280,2025-07-22,2026-09-11,True,True,False
301211,亨迪药业,32,2026-07-30,2026-09-11,True,False,False
301217,铜冠铜箔,32,2026-07-30,2026-09-11,True,False,False
301227,森鹰窗业,254,2025-08-27,2026-09-11,True,True,False
301231,荣信文化,280,2025-07-22,2026-09-11,True,True,False
301251,威尔高,254,2025-08-27,2026-09-11,True,True,False
301270,汉仪股份,32,2026-07-30,2026-09-11,True,False,False
301282,金禄电子,280,2025-07-22,2026-09-11,True,True,False
301292,海科新源,32,2026-07-30,2026-09-11,True,False,False
301357,北方长龙,280,2025-07-22,2026-09-11,True,True,False
301366,一博科技,280,2025-07-22,2026-09-11,True,True,False
301382,蜂助手,32,2026-07-30,2026-09-11,True,False,False
301399,英特科技,280,2025-07-21,2026-09-10,False,True,True
301419,阿莱德,280,2025-07-22,2026-09-11,True,True,False
301449,天溯计量,176,2025-12-23,2026-09-11,True,False,False
301489,思泉新材,280,2025-07-22,2026-09-11,True,True,False
301529,福赛科技,280,2025-07-22,2026-09-11,True,True,False
301550,斯菱智驱,280,2025-07-22,2026-09-11,True,True,False
301591,肯特股份,280,2025-07-22,2026-09-11,True,True,False
301626,苏州天脉,280,2025-07-22,2026-09-11,True,True,False
301630,同宇新材,280,2025-07-22,2026-09-11,True,True,False
301668,昊创瑞通,32,2026-07-30,2026-09-11,True,False,False
600095,湘财股份,280,2025-07-22,2026-09-11,True,True,False
600103,青山纸业,280,2025-07-22,2026-09-11,True,True,False
600105,永鼎股份,280,2025-07-22,2026-09-11,True,True,False
600108,亚盛集团,30,2026-08-03,2026-09-11,True,False,False
600110,诺德股份,280,2025-07-22,2026-09-11,True,True,False
600121,郑州煤电,32,2026-07-30,2026-09-11,True,False,False
600127,金健米业,31,2026-07-31,2026-09-11,True,False,False
600150,中国船舶,280,2025-07-16,2026-09-11,True,True,False
600162,香江控股,280,2025-07-22,2026-09-11,True,True,False
600165,宁科生物,280,2025-07-16,2026-09-11,True,True,False
600172,黄河旋风,280,2025-07-22,2026-09-11,True,True,False
600176,中国巨石,280,2025-07-22,2026-09-11,True,True,False
600183,生益科技,280,2025-07-22,2026-09-11,True,True,False
600186,莲花控股,256,2025-08-25,2026-09-11,True,True,False
600192,长城电工,280,2025-07-22,2026-09-11,True,True,False
600198,大唐电信,280,2025-07-22,2026-09-11,True,True,False
600206,有研新材,32,2026-07-30,2026-09-11,True,False,False
600227,赤天化,280,2025-07-22,2026-09-11,True,True,False
600228,返利科技,280,2025-07-14,2026-09-11,True,True,False
600255,鑫科材料,280,2025-07-22,2026-09-11,True,True,False
600272,开开实业,32,2026-07-30,2026-09-11,True,False,False
600288,大恒科技,32,2026-07-30,2026-09-11,True,False,False
600313,农发种业,280,2025-07-22,2026-09-11,True,True,False
600318,新力金融,280,2025-07-22,2026-09-11,True,True,False
600326,西藏天路,126,2026-03-13,2026-09-11,True,False,False
600330,天通股份,280,2025-07-22,2026-09-11,True,True,False
600353,旭光电子,124,2026-03-17,2026-09-11,True,False,False
600354,敦煌种业,124,2026-03-17,2026-09-11,True,False,False
600359,新农开发,280,2025-07-22,2026-09-11,True,True,False
600362,江西铜业,280,2025-07-22,2026-09-11,True,True,False
600367,红星发展,124,2026-03-17,2026-09-11,True,False,False
600368,五洲交通,257,2025-08-22,2026-09-11,True,True,False
600371,万向德农,31,2026-07-31,2026-09-11,True,False,False
600378,昊华科技,124,2026-03-17,2026-09-11,True,False,False
600379,宝光股份,280,2025-07-22,2026-09-11,True,True,False
600396,华电辽能,280,2025-07-22,2026-09-11,True,True,False
600397,江钨装备,126,2026-03-13,2026-09-11,True,False,False
600403,大有能源,280,2025-07-22,2026-09-11,True,True,False
600409,三友化工,280,2025-07-21,2026-09-10,False,True,True
600410,华胜天成,280,2025-07-21,2026-09-10,False,True,True
600460,士兰微,32,2026-07-30,2026-09-11,True,False,False
600468,百利电气,280,2025-07-21,2026-09-10,False,True,True
600475,华光环能,280,2025-07-22,2026-09-11,True,True,False
600479,千金药业,32,2026-07-30,2026-09-11,True,False,False
600487,亨通光电,280,2025-07-22,2026-09-11,True,True,False
600488,津药药业,280,2025-07-22,2026-09-11,True,True,False
600500,中化国际,280,2025-07-09,2026-09-11,True,True,False
600508,上海能源,280,2025-07-22,2026-09-11,True,True,False
600513,联环药业,32,2026-07-30,2026-09-11,True,False,False
600521,华海药业,32,2026-07-30,2026-09-11,True,False,False
600522,中天科技,280,2025-07-22,2026-09-11,True,True,False
600536,中国软件,280,2025-07-22,2026-09-11,True,True,False
600540,新赛股份,31,2026-07-31,2026-09-11,True,False,False
600547,山东黄金,257,2025-08-22,2026-09-11,True,True,False
600551,时代出版,280,2025-07-22,2026-09-11,True,True,False
600578,京能电力,32,2026-07-30,2026-09-11,True,False,False
600584,长电科技,32,2026-07-30,2026-09-11,True,False,False
600588,用友网络,32,2026-07-30,2026-09-11,True,False,False
600596,新安股份,280,2025-07-22,2026-09-11,True,True,False
600601,方正科技,280,2025-07-22,2026-09-11,True,True,False
600604,市北高新,280,2025-07-22,2026-09-11,True,True,False
600610,中毅达,280,2025-07-22,2026-09-11,True,True,False
600613,神奇制药,30,2026-08-03,2026-09-11,True,False,False
600617,国新能源,257,2025-08-22,2026-09-11,True,True,False
600629,华建集团,280,2025-07-22,2026-09-11,True,True,False
600641,先导基电,32,2026-07-30,2026-09-11,True,False,False
600654,中安科,280,2025-07-22,2026-09-11,True,True,False
600657,信达地产,31,2026-07-31,2026-09-11,True,False,False
600663,陆家嘴,32,2026-07-30,2026-09-11,True,False,False
600664,哈药股份,126,2026-03-13,2026-09-11,True,False,False
600666,奥瑞德,32,2026-07-30,2026-09-11,True,False,False
600667,太极实业,280,2025-07-22,2026-09-11,True,True,False
600683,京投发展,32,2026-07-30,2026-09-11,True,False,False
600691,潞化科技,32,2026-07-30,2026-09-11,True,False,False
600693,东百集团,280,2025-07-22,2026-09-11,True,True,False
600698,湖南天雁,257,2025-08-22,2026-09-11,True,True,False
600712,南宁百货,257,2025-08-22,2026-09-11,True,True,False
600714,金瑞矿业,32,2026-07-30,2026-09-11,True,False,False
600721,百花医药,32,2026-07-30,2026-09-11,True,False,False
600722,金牛化工,32,2026-07-30,2026-09-11,True,False,False
600737,中粮糖业,254,2025-08-27,2026-09-11,True,True,False
600744,华银电力,280,2025-07-22,2026-09-11,True,True,False
600746,江苏索普,280,2025-07-22,2026-09-11,True,True,False
600756,浪潮软件,32,2026-07-30,2026-09-11,True,False,False
600785,新华百货,280,2025-07-22,2026-09-11,True,True,False
600792,云煤能源,280,2025-07-22,2026-09-11,True,True,False
600801,华新建材,258,2025-08-21,2026-09-11,True,True,False
600815,厦工股份,124,2026-03-17,2026-09-11,True,False,False
600828,茂业商业,32,2026-07-30,2026-09-11,True,False,False
600829,人民同泰,32,2026-07-30,2026-09-11,True,False,False
600830,香溢融通,280,2025-07-22,2026-09-11,True,True,False
600833,第一医药,32,2026-07-30,2026-09-11,True,False,False
600844,金煤科技,280,2025-07-22,2026-09-11,True,True,False
600857,宁波中百,280,2025-07-22,2026-09-11,True,True,False
600865,百大集团,30,2026-08-03,2026-09-11,True,False,False
600869,远东股份,31,2026-07-31,2026-09-11,True,False,False
600876,凯盛新能,280,2025-07-21,2026-09-10,False,True,True
600881,亚泰集团,280,2025-07-21,2026-09-10,False,True,True
600892,大晟文化,32,2026-07-30,2026-09-11,True,False,False
600903,贵州燃气,280,2025-07-22,2026-09-11,True,True,False
600962,国投中鲁,32,2026-07-30,2026-09-11,True,False,False
600967,内蒙一机,280,2025-07-22,2026-09-11,True,True,False
600969,郴电国际,280,2025-07-22,2026-09-11,True,True,False
600988,赤峰黄金,124,2026-03-13,2026-09-11,True,False,False
601002,晋亿实业,280,2025-07-22,2026-09-11,True,True,False
601003,柳钢股份,280,2025-07-09,2026-09-10,False,True,True
601011,宝泰隆,280,2025-07-21,2026-09-10,False,True,True
601015,陕西黑猫,280,2025-07-21,2026-09-10,False,True,True
601086,国芳集团,32,2026-07-30,2026-09-11,True,False,False
601118,海南橡胶,256,2025-08-25,2026-09-11,True,True,False
601138,工业富联,32,2026-07-30,2026-09-11,True,False,False
601179,中国西电,32,2026-07-30,2026-09-11,True,False,False
601208,东材科技,280,2025-07-22,2026-09-11,True,True,False
601212,白银有色,280,2025-07-22,2026-09-11,True,True,False
601233,桐昆股份,280,2025-07-21,2026-09-10,False,True,True
601566,九牧王,280,2025-07-22,2026-09-11,True,True,False
601579,会稽山,124,2026-03-17,2026-09-11,True,False,False
601595,上海电影,29,2026-08-04,2026-09-11,True,False,False
601609,金田股份,257,2025-08-22,2026-09-11,True,True,False
601700,风范股份,32,2026-07-30,2026-09-11,True,False,False
601869,长飞光纤,280,2025-07-22,2026-09-11,True,True,False
601872,招商轮船,280,2025-07-22,2026-09-11,True,True,False
601886,江河集团,254,2025-08-27,2026-09-11,True,True,False
601890,亚星锚链,280,2025-07-22,2026-09-11,True,True,False
601899,紫金矿业,280,2025-07-21,2026-09-10,False,True,True
601949,中国出版,29,2026-08-04,2026-09-11,True,False,False
601958,金钼股份,32,2026-07-30,2026-09-11,True,False,False
601999,出版传媒,280,2025-07-22,2026-09-11,True,True,False
603002,宏昌电子,280,2025-07-22,2026-09-11,True,True,False
603009,北特科技,280,2025-07-22,2026-09-11,True,True,False
603011,合锻智能,280,2025-07-22,2026-09-11,True,True,False
603016,新宏泰,280,2025-07-22,2026-09-11,True,True,False
603038,华立股份,280,2025-07-22,2026-09-11,True,True,False
603039,泛微网络,32,2026-07-30,2026-09-11,True,False,False
603042,华脉科技,280,2025-07-15,2026-09-11,True,True,False
603052,可川科技,280,2025-07-22,2026-09-11,True,True,False
603061,金海通,32,2026-07-30,2026-09-11,True,False,False
603078,江化微,32,2026-07-30,2026-09-11,True,False,False
603079,圣达生物,280,2025-07-21,2026-09-10,False,True,True
603082,北自科技,280,2025-07-22,2026-09-11,True,True,False
603083,剑桥科技,280,2025-07-22,2026-09-11,True,True,False
603089,正裕工业,126,2026-03-13,2026-09-11,True,False,False
603090,宏盛股份,280,2025-07-22,2026-09-11,True,True,False
603093,南华期货,280,2025-07-22,2026-09-11,True,True,False
603095,越剑智能,32,2026-07-30,2026-09-11,True,False,False
603097,江苏华辰,32,2026-07-30,2026-09-11,True,False,False
603102,百合股份,32,2026-07-30,2026-09-11,True,False,False
603105,芯能科技,280,2025-07-22,2026-09-11,True,True,False
603110,东方材料,32,2026-07-30,2026-09-11,True,False,False
603113,金能科技,280,2025-07-21,2026-09-10,False,True,True
603115,海星股份,280,2025-07-22,2026-09-11,True,True,False
603118,共进股份,280,2025-07-15,2026-09-11,True,True,False
603122,合富中国,280,2025-07-17,2026-09-11,True,True,False
603123,翠微股份,280,2025-07-22,2026-09-11,True,True,False
603138,海量数据,280,2025-07-22,2026-09-11,True,True,False
603150,万朗磁塑,280,2025-07-22,2026-09-11,True,True,False
603151,邦基科技,280,2025-07-22,2026-09-11,True,True,False
603162,海通发展,30,2026-08-03,2026-09-11,True,False,False
603171,税友股份,32,2026-07-30,2026-09-11,True,False,False
603186,华正新材,280,2025-07-22,2026-09-11,True,True,False
603188,亚邦股份,258,2025-08-21,2026-09-11,True,True,False
603191,望变电气,280,2025-07-22,2026-09-11,True,True,False
603200,上海洗霸,280,2025-07-22,2026-09-11,True,True,False
603203,快克智能,32,2026-07-30,2026-09-11,True,False,False
603206,嘉环科技,32,2026-07-30,2026-09-11,True,False,False
603207,小方制药,280,2025-07-21,2026-09-10,False,True,True
603216,梦天家居,280,2025-07-09,2026-09-11,True,True,False
603217,元利科技,257,2025-08-22,2026-09-11,True,True,False
603221,爱丽家居,32,2026-07-20,2026-09-11,True,False,False
603228,景旺电子,280,2025-07-22,2026-09-11,True,True,False
603236,移远通信,280,2025-07-22,2026-09-11,True,True,False
603256,宏和科技,32,2026-07-30,2026-09-11,True,False,False
603259,药明康德,32,2026-07-30,2026-09-11,True,False,False
603261,立航科技,280,2025-07-21,2026-09-11,True,True,False
603268,松发股份,280,2025-07-21,2026-09-11,True,True,False
603269,海鸥股份,280,2025-07-22,2026-09-11,True,True,False
603270,金帝股份,126,2026-03-13,2026-09-11,True,False,False
603285,键邦股份,32,2026-07-30,2026-09-11,True,False,False
603297,永新光学,280,2025-07-22,2026-09-11,True,True,False
603306,华懋科技,280,2025-07-21,2026-09-10,False,True,True
603318,水发燃气,257,2025-08-22,2026-09-11,True,True,False
603328,依顿电子,280,2025-07-21,2026-09-10,False,True,True
603330,天洋新材,257,2025-08-22,2026-09-11,True,True,False
603333,福华尚纬,257,2025-08-22,2026-09-11,True,True,False
603335,迪生力,32,2026-07-30,2026-09-11,True,False,False
603358,华达科技,280,2025-07-22,2026-09-11,True,True,False
603366,日出东方,280,2025-07-22,2026-09-11,True,True,False
603387,基蛋生物,280,2025-07-21,2026-09-10,False,True,True
603395,红四方,280,2025-07-22,2026-09-11,True,True,False
603396,金辰股份,280,2025-07-22,2026-09-11,True,True,False
603400,华之杰,257,2025-08-22,2026-09-11,True,True,False
603421,鼎信通讯,280,2025-07-22,2026-09-11,True,True,False
603459,红板科技,32,2026-07-30,2026-09-11,True,False,False
603533,掌阅科技,280,2025-07-21,2026-09-10,False,True,True
603556,海兴电力,32,2026-07-30,2026-09-11,True,False,False
603559,中通国脉,280,2025-07-21,2026-09-11,True,True,False
603580,艾艾精工,32,2026-07-30,2026-09-11,True,False,False
603601,再升科技,280,2025-07-21,2026-09-10,False,True,True
603618,杭电股份,280,2025-07-22,2026-09-11,True,True,False
603626,科森科技,280,2025-07-22,2026-09-11,True,True,False
603629,利通电子,32,2026-07-30,2026-09-11,True,False,False
603637,镇海股份,280,2025-07-22,2026-09-11,True,True,False
603663,三祥新材,280,2025-07-22,2026-09-11,True,True,False
603668,天马科技,29,2026-08-04,2026-09-11,True,False,False
603679,华体科技,280,2025-07-22,2026-09-11,True,True,False
603682,锦和商管,32,2026-07-30,2026-09-11,True,False,False
603688,石英股份,32,2026-07-30,2026-09-11,True,False,False
603690,至纯科技,32,2026-07-30,2026-09-11,True,False,False
603696,安记食品,32,2026-07-30,2026-09-11,True,False,False
603716,塞力医疗,32,2026-07-30,2026-09-11,True,False,False
603721,中广天择,32,2026-07-30,2026-09-11,True,False,False
603725,天安新材,32,2026-07-30,2026-09-11,True,False,False
603738,泰晶科技,32,2026-07-30,2026-09-11,True,False,False
603757,大元泵业,32,2026-07-30,2026-09-11,True,False,False
603773,沃格光电,32,2026-07-30,2026-09-11,True,False,False
603778,国晟科技,126,2026-03-13,2026-09-11,True,False,False
603797,联泰环保,280,2025-07-22,2026-09-11,True,True,False
603800,洪田股份,32,2026-07-30,2026-09-11,True,False,False
603801,志邦家居,280,2025-07-21,2026-09-10,False,True,True
603823,百合花,280,2025-07-21,2026-09-10,False,True,True
603848,好太太,254,2025-08-27,2026-09-11,True,True,False
603880,南卫股份,280,2025-07-22,2026-09-11,True,True,False
603890,春秋电子,126,2026-03-13,2026-09-11,True,False,False
603900,莱绅通灵,280,2025-07-22,2026-09-11,True,True,False
603912,佳力图,256,2025-08-25,2026-09-11,True,True,False
603931,格林达,32,2026-07-30,2026-09-11,True,False,False
603936,博敏电子,280,2025-07-22,2026-09-11,True,True,False
603938,三孚股份,280,2025-07-22,2026-09-11,True,True,False
603955,大千生态,254,2025-08-27,2026-09-11,True,True,False
603958,哈森股份,32,2026-07-30,2026-09-11,True,False,False
603978,深圳新星,280,2025-07-22,2026-09-11,True,True,False
603980,吉华集团,280,2025-07-15,2026-09-11,True,True,False
603989,艾华集团,280,2025-07-22,2026-09-11,True,True,False
603990,麦迪科技,32,2026-07-30,2026-09-11,True,False,False
603995,甬金股份,124,2026-03-17,2026-09-11,True,False,False
603999,读者传媒,280,2025-07-21,2026-09-10,False,True,True
605006,山东玻纤,280,2025-07-22,2026-09-11,True,True,False
605058,澳弘电子,280,2025-07-21,2026-09-10,False,True,True
605060,联德股份,32,2026-07-30,2026-09-11,True,False,False
605068,明新旭腾,32,2026-07-30,2026-09-11,True,False,False
605077,华康股份,280,2025-07-22,2026-09-11,True,True,False
605118,力鼎光电,280,2025-07-22,2026-09-11,True,True,False
605162,新中港,280,2025-07-22,2026-09-11,True,True,False
605167,利柏特,280,2025-07-22,2026-09-11,True,True,False
605168,三人行,280,2025-07-22,2026-09-11,True,True,False
605178,时空科技,280,2025-07-03,2026-09-11,True,True,False
605179,一鸣食品,32,2026-07-30,2026-09-11,True,False,False
605188,国光连锁,280,2025-07-22,2026-09-11,True,True,False
605198,安德利,280,2025-07-21,2026-09-10,False,True,True
605288,凯迪股份,280,2025-07-22,2026-09-11,True,True,False
605289,罗曼股份,32,2026-07-30,2026-09-11,True,False,False
605388,均瑶健康,280,2025-07-22,2026-09-11,True,True,False
605398,新炬网络,30,2026-08-03,2026-09-11,True,False,False
605488,福莱新材,280,2025-07-22,2026-09-11,True,True,False
605577,龙版传媒,32,2026-07-30,2026-09-11,True,False,False
605580,恒盛能源,30,2026-08-03,2026-09-11,True,False,False
605589,圣泉集团,32,2026-07-30,2026-09-11,True,False,False
688001,华兴源创,280,2025-07-22,2026-09-11,True,True,False
688003,天准科技,32,2026-07-30,2026-09-11,True,False,False
688020,方邦股份,280,2025-07-22,2026-09-11,True,True,False
688111,金山办公,32,2026-07-30,2026-09-11,True,False,False
688112,鼎阳科技,280,2025-07-22,2026-09-11,True,True,False
688123,聚辰股份,280,2025-07-22,2026-09-11,True,True,False
688135,利扬芯片,280,2025-07-22,2026-09-11,True,True,False
688137,近岸蛋白,32,2026-07-30,2026-09-11,True,False,False
688143,长盈通,280,2025-07-17,2026-09-11,True,True,False
688146,中船特气,32,2026-07-30,2026-09-11,True,False,False
688152,麒麟信安,280,2025-07-22,2026-09-11,True,True,False
688158,优刻得,32,2026-07-30,2026-09-11,True,False,False
688167,炬光科技,280,2025-07-22,2026-09-11,True,True,False
688185,康希诺,32,2026-07-30,2026-09-11,True,False,False
688195,腾景科技,280,2025-07-22,2026-09-11,True,True,False
688205,德科立,29,2026-08-04,2026-09-11,True,False,False
688209,英集芯,280,2025-07-22,2026-09-11,True,True,False
688234,天岳先进,32,2026-07-30,2026-09-11,True,False,False
688280,精进电动,32,2026-07-30,2026-09-11,True,False,False
688286,敏芯股份,124,2026-03-17,2026-09-11,True,False,False
688293,奥浦迈,280,2025-07-22,2026-09-11,True,True,False
688300,联瑞新材,280,2025-07-21,2026-09-10,False,True,True
688368,晶丰明源,280,2025-07-22,2026-09-11,True,True,False
688378,奥来德,280,2025-07-22,2026-09-11,True,True,False
688419,耐科装备,32,2026-07-30,2026-09-11,True,False,False
688432,有研硅,280,2025-07-08,2026-08-28,False,True,True
688433,华曙高科,280,2025-07-22,2026-09-11,True,True,False
688435,英方软件,32,2026-07-30,2026-09-11,True,False,False
688443,智翔金泰,32,2026-07-30,2026-09-11,True,False,False
688485,九州一轨,280,2025-07-22,2026-09-11,True,True,False
688498,源杰科技,280,2025-07-22,2026-09-11,True,True,False
688545,兴福电子,32,2026-07-30,2026-09-11,True,False,False
688596,正帆科技,32,2026-07-30,2026-09-11,True,False,False
688598,金博股份,32,2026-07-30,2026-09-11,True,False,False
688600,皖仪科技,280,2025-07-22,2026-09-11,True,True,False
688601,力芯微,280,2025-07-22,2026-09-11,True,True,False
688603,天承科技,280,2025-07-22,2026-09-11,True,True,False
688618,三旺通信,280,2025-07-22,2026-09-11,True,True,False
688625,呈和科技,280,2025-07-21,2026-09-10,False,True,True
688655,迅捷兴,29,2026-08-04,2026-09-11,True,False,False
688661,和林微纳,280,2025-07-22,2026-09-11,True,True,False
688662,富信科技,32,2026-07-30,2026-09-11,True,False,False
688669,聚石化学,32,2026-07-30,2026-09-11,True,False,False
688677,海泰新光,280,2025-07-22,2026-09-11,True,True,False
688790,昂瑞微,181,2025-12-16,2026-09-11,True,False,False
688807,优迅股份,178,2025-12-19,2026-09-11,True,False,False
688808,联讯仪器,97,2026-04-24,2026-09-11,True,False,False
688813,泰金新能,113,2026-03-31,2026-09-10,False,False,True
688825,长鑫科技,34,2026-07-27,2026-09-10,False,False,True
920006,晟楠科技,29,2026-08-04,2026-09-11,True,False,False
920021,流金科技,280,2025-07-22,2026-09-11,True,True,False
920128,胜业电气,280,2025-07-22,2026-09-11,True,True,False
920176,维琪科技,29,2026-08-04,2026-09-11,True,False,False
920212,智新电子,280,2025-07-22,2026-09-11,True,True,False
920592,华信永道,280,2025-07-22,2026-09-11,True,True,False
920855,浙江大农,280,2025-07-22,2026-09-11,True,True,False
920895,花溪科技,280,2025-07-22,2026-09-11,True,True,False
