股票代码,股票名称,变动
003040,楚天龙,已有/再次提交
002918,蒙娜丽莎,已有/再次提交
000011,深物业A,已有/再次提交
600654,中安科,已有/再次提交
603395,红四方,已有/再次提交
600508,上海能源,已有/再次提交
000062,深圳华强,已有/再次提交
000716,黑芝麻,已有/再次提交
603011,合锻智能,已有/再次提交
603580,艾艾精工,已有/再次提交
600362,江西铜业,新增
600737,中粮糖业,已有/再次提交
603186,华正新材,已有/再次提交
600367,红星发展,已有/再次提交
002212,天融信,已有/再次提交
600397,江钨装备,已有/再次提交
002155,湖南黄金,已有/再次提交
600162,香江控股,已有/再次提交
000592,平潭发展,已有/再次提交
600785,新华百货,已有/再次提交
600110,诺德股份,已有/再次提交
600613,神奇制药,新增
002837,英维克,已有/再次提交
002396,星网锐捷,已有/再次提交
600186,莲花控股,已有/再次提交
000938,紫光股份,新增
600487,亨通光电,已有/再次提交
603618,杭电股份,已有/再次提交
605179,一鸣食品,已有/再次提交
601212,白银有色,已有/再次提交
002081,金 螳 螂,已有/再次提交
600172,黄河旋风,已有/再次提交
600869,远东股份,已有/再次提交
002354,天娱数科,已有/再次提交
600664,哈药股份,已有/再次提交
600722,金牛化工,已有/再次提交
000017,深中华A,已有/再次提交
002909,集泰股份,已有/再次提交
003005,竞业达,已有/再次提交
600892,大晟文化,已有/再次提交
002418,康盛股份,已有/再次提交
600479,千金药业,已有/再次提交
603270,金帝股份,已有/再次提交
300911,亿田智能,已有/再次提交
600127,金健米业,已有/再次提交
600828,茂业商业,已有/再次提交
603269,海鸥股份,已有/再次提交
000712,锦龙股份,已有/再次提交
002708,光洋股份,已有/再次提交
002059,云南旅游,已有/再次提交
003018,金富科技,已有/再次提交
601566,九牧王,已有/再次提交
301151,冠龙节能,已有/再次提交
002328,新朋股份,已有/再次提交
300830,金现代,已有/再次提交
300368,汇金股份,新增
600967,内蒙一机,已有/再次提交
600540,新赛股份,已有/再次提交
603721,中广天择,已有/再次提交
600714,金瑞矿业,已有/再次提交
002084,海鸥住工,新增
601086,国芳集团,已有/再次提交
688209,英集芯,已有/再次提交
600657,信达地产,已有/再次提交
600371,万向德农,已有/再次提交
002855,捷荣技术,已有/再次提交
300413,芒果超媒,已有/再次提交
603138,海量数据,新增
603150,万朗磁塑,已有/再次提交
600095,湘财股份,已有/再次提交
002104,恒宝股份,已有/再次提交
002949,华阳国际,已有/再次提交
601579,会稽山,已有/再次提交
603162,海通发展,新增
600865,百大集团,新增
600108,亚盛集团,新增
002403,爱仕达,新增
000560,我爱我家,已有/再次提交
605577,龙版传媒,已有/再次提交
000892,欢瑞世纪,已有/再次提交
600354,敦煌种业,已有/再次提交
603123,翠微股份,新增
001366,播恩集团,新增
605580,恒盛能源,新增
605398,新炬网络,新增
