股票代码,股票名称,当前状态,最近提交日期,ret20,ret40,ret120,MA20距离,MA30_5日斜率,淘汰日期,淘汰原因
000007,全新好,活跃,2026-09-02,0.3539267015706804,0.15446428571428572,-0.08621908127208489,0.1095855144597957,0.05703508600786922,,
000011,深物业A,活跃,2026-09-02,0.0688806888068878,,,0.03594206353936924,,,
000020,深华发Ａ,活跃,2026-09-02,0.1565934065934067,0.2167630057803469,,0.04367227203239277,0.04530891065167486,,
000026,飞亚达,活跃,2026-09-02,0.16042154566744737,,,-0.025756979944946967,,,
000048,京基智农,活跃,2026-09-02,0.08313651393481325,0.04942791762013732,,0.012049256300481037,0.026765512925431834,,
000059,华锦股份,活跃,2026-09-02,0.29801324503311255,,,0.19209325899645213,,,
000062,深圳华强,活跃,2026-09-02,0.05887408680704764,-0.27229769639692847,,0.06083437378912482,0.009207206409632018,,
000428,华天酒店,活跃,2026-09-02,0.08292682926829298,0.43225806451612914,,0.03243808859434938,0.062365406150400426,,
000505,京粮控股,活跃,2026-09-02,0.26607142857142874,,,0.07424242424242422,,,
000506,招金黄金,活跃,2026-09-02,0.34955185659411003,0.5707898658718329,,0.07919930374238482,0.09413108964371064,,
000510,新金路,活跃,2026-09-02,0.058312655086848464,-0.12197632527020075,,0.013244639781433643,0.020319949147155736,,
000517,荣安地产,活跃,2026-09-02,0.051401869158878455,,,-0.007717750826901737,,,
000520,凤凰航运,活跃,2026-09-02,0.06345177664974622,-0.04772727272727273,,0.017360689571445986,0.022854715378080037,,
000523,红棉股份,活跃,2026-09-02,0.1586206896551725,0.2775665399239544,,0.0639645345155162,0.03874119518291286,,
000526,学大教育,活跃,2026-09-02,0.05380281690140842,0.4011235955056178,0.06916261789082578,0.04549773629199039,0.03518984122014923,,
000536,华映科技,活跃,2026-09-02,0.129129129129129,,,0.11045481393975187,,,
000592,平潭发展,活跃,2026-09-02,0.04689863842662634,,,0.05664987020919221,,,
000596,古井贡酒,活跃,2026-09-02,0.0858888888888889,0.3167609808676908,,0.034327655273504565,0.005924770859756512,,
000603,盛达资源,活跃,2026-09-02,0.23156089193825036,0.6266425011327592,,0.021904043494968883,0.09696497340913268,,
000620,盈新发展,活跃,2026-09-02,0.11469534050179209,,,-0.010342084327764622,,,
000626,远大控股,活跃,2026-09-02,0.2321428571428572,,,0.09310260784791624,,,
000628,高新发展,活跃,2026-09-02,0.38010075566750623,,,0.25022818546914927,,,
000635,英 力 特,活跃,2026-09-02,0.23291925465838514,,,0.21147390906316743,,,
000657,中钨高新,活跃,2026-09-02,0.04074525509315685,,,-0.10379055958735683,,,
000670,盈方微,活跃,2026-09-02,0.04519774011299438,0.10944527736131948,-0.08188585607940446,0.042473762062407605,0.034071212796513706,,
000716,黑芝麻,活跃,2026-09-02,0.139240506329114,,,0.04976671850699854,,,
000720,新能泰山,活跃,2026-09-02,0.09243697478991608,0.19631901840490795,-0.11363636363636376,0.022146507666098936,0.03278535400709903,,
000721,西安饮食,活跃,2026-09-02,0.11280487804878048,0.32969034608378855,-0.12679425837320568,0.08212273940112658,0.03369258135398123,,
000723,美锦能源,活跃,2026-09-02,0.09315068493150691,0.18397626112759657,-0.24431818181818177,0.07532677536720134,0.02248234856930509,,
000735,罗 牛 山,活跃,2026-09-02,0.11742424242424243,0.18951612903225823,-0.2247043363994744,0.07029478458049887,0.02414384649596535,,
000737,北方铜业,活跃,2026-09-02,0.037526059763724806,0.18869426751592355,,0.023759728460245988,0.031655234263276544,,
000811,冰轮环境,活跃,2026-09-02,-0.04459082847732454,,,-0.08543018250166734,,,
000831,中国稀土,活跃,2026-09-02,0.1308139534883721,,,-0.0014631516800575062,,,
000859,国风新材,活跃,2026-09-02,0.025492468134414636,,,-0.037258634756594966,,,
000887,中鼎股份,活跃,2026-09-02,0.14377682403433467,0.24751316559391467,0.07189542483660127,0.014658290500666249,0.032226579520697074,,
000889,中嘉博创,活跃,2026-09-02,0.03826530612244916,0.3432343234323434,0.1432584269662922,0.0185185185185186,0.021818816547390485,,
000890,法尔胜,活跃,2026-09-02,0.23014804845222092,,,0.17405266538214526,,,
000892,欢瑞世纪,活跃,2026-09-02,0.2713936430317849,,,0.28,,,
000912,泸天化,活跃,2026-09-02,0.20329670329670324,,,0.12379730596536254,,,
000931,中 关 村,活跃,2026-09-02,0.1646191646191646,,,0.011092150170648463,,,
000960,锡业股份,活跃,2026-09-02,-0.11139896373057001,,,-0.08244609705205719,,,
000962,东方钽业,活跃,2026-09-02,0.036606624055781634,,,-0.018098758863621778,,,
000975,山金国际,活跃,2026-09-02,0.09331131296449224,,,-0.015631679708555613,,,
000977,浪潮信息,活跃,2026-09-02,0.10997409326424856,0.0962005884610464,,0.09920981066242507,-0.004534007184526678,,
000989,九芝堂,活跃,2026-09-02,-0.004400440044004306,,,-0.019554737013162904,,,
001210,金房能源,活跃,2026-09-02,0.4372294372294372,0.5315222962583288,0.8175182481751824,0.14544199953998294,0.08080435384189655,,
001223,欧克科技,活跃,2026-09-02,0.016644993498049487,,,-0.029759984114770766,,,
001258,立新能源,活跃,2026-09-02,-0.07464892830746483,,,-0.07083750788526488,,,
001268,联合精密,活跃,2026-09-02,0.3114169215086646,,,0.17512730926446074,,,
001277,速达股份,活跃,2026-09-02,0.14527757750540737,0.17449168207024024,,0.022200772200772212,0.030014132474573074,,
001326,联域股份,活跃,2026-09-02,0.3423555230431603,,,0.1559601241003512,,,
001330,博纳影业,活跃,2026-09-02,0.1013384321223707,,,0.11196911196911197,,,
001337,四川黄金,活跃,2026-09-02,0.22324936445574295,0.4209395973154362,,0.05065703283179168,0.07449784269697335,,
001358,兴欣新材,活跃,2026-09-02,-0.050555342780543855,,,-0.03909142004380106,,,
001359,平安电工,活跃,2026-09-02,-0.014158059649529986,,,-0.04457703273406166,,,
001378,德冠新材,活跃,2026-09-02,0.14261650758001143,,,-0.010069562679379196,,,
001696,宗申动力,活跃,2026-09-02,0.04314230521571161,-0.08988764044943831,,0.029748283752860205,0.0021690562436282868,,
002012,凯恩股份,活跃,2026-09-02,0.14130434782608692,0.2068965517241379,0.012396694214876103,0.08591268375563255,0.05118989271905461,,
002015,协鑫能科,活跃,2026-09-02,0.05769230769230771,,,0.08709512879367498,,,
002017,东信和平,活跃,2026-09-02,0.20857142857142863,,,0.13950904131730502,,,
002037,保利联合,活跃,2026-09-02,0.03372434017595305,0.1691542288557213,-0.2087542087542088,0.00541928123217339,0.026811266757041707,,
002038,双鹭药业,活跃,2026-09-02,0.055846422338568846,,,-0.01873327386262269,,,
002041,登海种业,活跃,2026-09-02,0.24370709382151023,0.3403205918618988,,0.09908998988877649,0.05189273279502182,,
002072,凯瑞德,活跃,2026-09-02,0.26183844011142066,,,0.1586418568962209,,,
002081,金 螳 螂,活跃,2026-09-02,0.34170854271356776,,,0.03218324151928087,,,
002094,青岛金王,活跃,2026-09-02,0.19246861924686187,,,0.13421550094517976,,,
002104,恒宝股份,活跃,2026-09-02,0.263797942001871,,,0.22234788509387005,,,
002107,沃华医药,活跃,2026-09-02,0.17052980132450335,0.17833333333333345,,0.09774085862898851,0.023959921585711363,,
002112,三变科技,活跃,2026-09-02,-0.09404205607476646,,,-0.040519641200123635,,,
002141,贤丰控股,活跃,2026-09-02,0.20426287744227367,,,0.04043581677280761,,,
002155,湖南黄金,活跃,2026-09-02,0.14905743095133728,,,0.037013590773309124,,,
002165,红 宝 丽,活跃,2026-09-02,0.25411061285500747,,,0.12195774271195514,,,
002172,澳洋健康,活跃,2026-09-02,0.38769230769230756,0.560553633217993,,0.06922712185870061,0.06805414863247061,,
002174,游族网络,活跃,2026-09-02,-0.04909983633387904,,,-0.050071530758226124,,,
002180,奔图科技,活跃,2026-09-02,-0.040223463687150796,,,-0.03374578177727772,,,
002212,天融信,活跃,2026-09-02,-0.002989536621823663,,,0.01522070015220689,,,
002213,大为股份,活跃,2026-09-02,0.007623007623007494,,,-0.03840748640113767,,,
002222,福晶科技,活跃,2026-09-02,0.14396151863940898,-0.12840314136125652,,0.025716068114078006,0.023514134118066687,,
002229,鸿博股份,活跃,2026-09-02,0.09809264305177123,0.24510813594232728,,0.02954951886230095,0.04098891941109284,,
002235,安妮股份,活跃,2026-09-02,0.05389221556886237,,,-0.023632530788860406,,,
002256,兆新股份,活跃,2026-09-02,-0.023323615160349864,,,-0.039013195639701626,,,
002265,建设工业,活跃,2026-09-02,0.11492459698387947,,,0.11188901854012712,,,
002277,友阿股份,活跃,2026-09-02,0.05670103092783507,0.054888507718696466,,0.02329450915141451,0.02401632177207791,,
002303,美盈森,活跃,2026-09-02,0.03441682600382401,,,0.04997573993207194,,,
002322,理工能科,活跃,2026-09-02,0.20354808590102702,0.31262729124236244,,0.0783452545279626,0.03901493351104102,,
002328,新朋股份,活跃,2026-09-02,0.3265895953757225,,,0.21308225966303262,,,
002329,皇氏集团,活跃,2026-09-02,0.21580547112462,0.21580547112462,0.025641025641025772,0.029601029601029838,0.03521858181474835,,
002348,高乐股份,活跃,2026-09-02,-0.11386138613861374,,,-0.08185509724300055,,,
002349,精华制药,活跃,2026-09-02,0.19610778443113785,,,0.11157484696716757,,,
002354,天娱数科,活跃,2026-09-02,0.011363636363636243,,,0.024755325273459805,,,
002364,中恒电气,活跃,2026-09-02,-0.07715970264034855,,,-0.0972013241047246,,,
002365,永安药业,活跃,2026-09-02,0.23727486296006273,0.5061963775023832,0.09342560553633228,0.08826669421772237,0.03533982516872958,,
002370,亚太药业,活跃,2026-09-02,0.07072691552062871,,,-0.04175824175824172,,,
002382,蓝帆医疗,活跃,2026-09-02,0.006745362563237878,,,-0.0014217613113657324,,,
002384,东山精密,活跃,2026-09-02,-0.02859715087644976,,,-0.06952560668776875,,,
002396,星网锐捷,活跃,2026-09-02,0.3878048780487804,,,0.21473664948610804,,,
002409,雅克科技,活跃,2026-09-02,-0.06954913952496089,,,-0.09745910318448492,,,
002418,康盛股份,活跃,2026-09-02,0.5745257452574526,,,0.37563632058719065,,,
002421,达实智能,活跃,2026-09-02,-0.022662889518413443,,,0.03200717918037688,,,
002428,云南锗业,活跃,2026-09-02,0.11510095514448082,,,-0.07802730030839045,,,
002436,兴森科技,活跃,2026-09-02,0.113405440839069,,,-0.017270807417479106,,,
002437,誉衡药业,活跃,2026-09-02,0.5513698630136987,,,0.0841210960871126,,,
002438,江苏神通,活跃,2026-09-02,-0.10464355788096791,,,-0.018180514218094523,,,
002445,中南文化,活跃,2026-09-02,0.11643835616438358,,,0.024030155489241256,,,
002448,中原内配,活跃,2026-09-02,-0.042553191489361764,,,-0.05819850277710692,,,
002463,沪电股份,活跃,2026-09-02,0.024134948096885767,,,-0.015938324709598106,,,
002474,榕基软件,活跃,2026-09-02,0.01863354037267073,0.1651865008880995,,0.0176064531140927,0.021010666953992008,,
002476,宝莫股份,活跃,2026-09-02,0.1330376940133038,0.1330376940133038,,0.05003596013562106,0.030693722071643226,,
002484,江海股份,活跃,2026-09-02,-0.13029265255292655,,,-0.11952658991876064,,,
002491,通鼎互联,活跃,2026-09-02,0.33623910336239127,,,0.07606679035250474,,,
002515,金字火腿,活跃,2026-09-02,0.08683068017366136,,,-0.03730290988334839,,,
002517,恺英网络,活跃,2026-09-02,-0.08868335146898798,,,-0.02647409258667288,,,
002536,飞龙股份,活跃,2026-09-02,0.5213518470002618,,,0.24834739614123724,,,
002545,东方铁塔,活跃,2026-09-02,-0.05591397849462376,,,-0.01893960556455676,,,
002548,金新农,活跃,2026-09-02,0.07788944723618085,0.10567010309278357,,0.02828379674017234,0.010687655343827762,,
002552,宝鼎科技,活跃,2026-09-02,0.21809862735129637,,,-0.11764976661541704,,,
002558,巨人网络,活跃,2026-09-02,-0.13202527435982703,,,-0.053147106838382085,,,
002580,圣阳股份,活跃,2026-09-02,0.07503678273663561,0.23146067415730331,,0.048753648150806184,0.05328387595809003,,
002582,好想你,活跃,2026-09-02,0.007866273352999054,,,-0.0316028154376683,,,
002589,瑞康医药,活跃,2026-09-02,0.2057761732851986,0.28957528957528966,,0.009978832778953617,0.032821306221682,,
002607,中公教育,活跃,2026-09-02,-0.11489361702127665,,,-0.009995240361732494,,,
002631,德尔未来,活跃,2026-09-02,0.36339165545087493,,,0.1090431355375523,,,
002636,金安国纪,活跃,2026-09-02,0.25311498754005,,,0.05178235276541088,,,
002638,勤上股份,活跃,2026-09-02,0.2595628415300546,,,0.14193708199157795,,,
002645,华宏科技,活跃,2026-09-02,0.019412090959511907,,,-0.057701673886852545,,,
002655,共达电声,活跃,2026-09-02,0.389730328777244,0.007498660953401126,,0.07393662574935767,0.05861257424632971,,
002659,凯文教育,活跃,2026-09-02,-0.04600000000000004,,,0.034707158351409806,,,
002686,亿利达,活跃,2026-09-02,0.13735343383584597,0.24587155963302743,,0.0465474722564736,0.041783668426373266,,
002687,乔治白,活跃,2026-09-02,0.2605210420841684,0.18903591682419663,,0.02526487367563157,0.03664953129724813,,
002695,煌上煌,活跃,2026-09-02,0.053624627606752684,,,-0.036243073848669205,,,
002702,海欣食品,活跃,2026-09-02,0.09465020576131677,0.20090293453724617,-0.13636363636363635,0.0657051282051282,0.02782905012068726,,
002703,浙江世宝,活跃,2026-09-02,0.08631319358816292,,,0.13556536590081536,,,
002706,良信股份,活跃,2026-09-02,-0.016059957173447548,,,-0.041810030236680173,,,
002708,光洋股份,活跃,2026-09-02,0.33584905660377373,,,0.21539848075189916,,,
002716,湖南白银,活跃,2026-09-02,0.22576966932725195,,,0.06652115680341297,,,
002721,金一文化,活跃,2026-09-02,0.1460674157303372,,,0.0658307210031348,,,
002724,海洋王,活跃,2026-09-02,0.33395522388059695,0.4895833333333335,-0.0714285714285714,0.14822546972860118,0.05953169204839592,,
002734,利民股份,活跃,2026-09-02,0.09300791556728227,0.02664188351920682,-0.21469194312796214,0.056760204081632626,0.031906811851101446,,
002741,光华科技,活跃,2026-09-02,0.05194238323876044,,,-0.05177840730248662,,,
002742,三圣股份,活跃,2026-09-02,0.34491978609625673,,,0.07685720402483409,,,
002743,富煌钢构,活跃,2026-09-02,0.32552083333333326,,,0.15015252513840238,,,
002774,快意电梯,活跃,2026-09-02,-0.009677419354838679,,,-0.06385314386778063,,,
002775,文科股份,活跃,2026-09-02,-0.04675324675324677,,,-0.004205670872337586,,,
002779,中坚科技,活跃,2026-09-02,0.05923694779116451,,,-0.02016717526867451,,,
002796,世嘉科技,活跃,2026-09-02,0.052442528735632266,,,-0.036833714107263105,,,
002811,郑中设计,活跃,2026-09-02,0.41028128031037814,,,0.1913638412061125,,,
002827,高争民爆,活跃,2026-09-02,0.34383378016085797,1.626637554585153,0.6787608149595312,0.05595786701777494,0.13724924793865045,,
002828,贝肯能源,活跃,2026-09-02,-0.012903225806451646,,,-8.169267216728837e-05,,,
002829,星网宇达,活跃,2026-09-02,0.039017341040462394,0.3380893300248138,-0.19814126394052034,0.04846157585184474,0.00148741418764331,,
002837,英维克,活跃,2026-09-02,0.26562201414102815,,,0.13113130209044965,,,
002846,英联股份,活跃,2026-09-02,0.025257249766136747,0.09054726368159205,-0.273209549071618,0.023964123884710586,0.025633499657567782,,
002851,麦格米特,活跃,2026-09-02,0.017596566523605084,,,-0.050719067294449194,,,
002859,洁美科技,活跃,2026-09-02,-0.02096083231334145,,,-0.08300791745781533,,,
002870,香山股份,活跃,2026-09-02,0.38598326359832624,,,0.15101039166929087,,,
002880,卫光生物,活跃,2026-09-02,0.038204393505252954,0.040191387559808556,,0.015105175915765656,0.01373590773616673,,
002882,金龙羽,活跃,2026-09-02,0.042720139494333065,0.35064935064935066,-0.2323491655969191,0.07653187515470661,0.04743127716996054,,
002886,沃特股份,活跃,2026-09-02,0.6308831306187201,,,0.3953488372093026,,,
002902,铭普光磁,活跃,2026-09-02,0.10198899703766395,0.04243394715772619,,0.03263671332831031,0.03153185244289913,,
002907,华森制药,活跃,2026-09-02,0.11562021439509951,,,-0.020997816227112498,,,
002908,德生科技,活跃,2026-09-02,-0.0158311345646438,,,0.04306487695749417,,,
002909,集泰股份,活跃,2026-09-02,0.467741935483871,,,0.34354526160376486,,,
002913,奥士康,活跃,2026-09-02,0.2846410684474123,0.1463687150837989,,0.0615165754192355,0.0597601061453632,,
002915,中欣氟材,活跃,2026-09-02,0.09321533923303837,-0.00856072766185123,,0.03818248032047511,0.02281443991933907,,
002916,深南电路,活跃,2026-09-02,-0.00226244343891413,,,-0.04359403738984835,,,
002918,蒙娜丽莎,活跃,2026-09-02,0.16510903426791268,,,0.08900320295059694,,,
002929,润建股份,活跃,2026-09-02,-0.10351393456811497,,,-0.053562617642221255,,,
002931,锋龙股份,活跃,2026-09-02,-0.09898989898989896,,,-0.09020439802537628,,,
002938,鹏鼎控股,活跃,2026-09-02,-0.05848787446504988,,,-0.0715893351800555,,,
002942,新农股份,活跃,2026-09-02,0.32180851063829796,,,0.17154811715481166,,,
002947,恒铭达,活跃,2026-09-02,0.19720798727690392,,,0.12106695789586897,,,
002949,华阳国际,活跃,2026-09-02,0.2777777777777777,,,0.13295596940759613,,,
002951,金时科技,活跃,2026-09-02,0.14822848879248007,,,-0.016322358844116702,,,
002953,日丰股份,活跃,2026-09-02,0.14006179196704416,0.268041237113402,,0.04884172627789085,0.037779127032314674,,
002957,科瑞技术,活跃,2026-09-02,0.011697426566155578,,,-0.04351138472124938,,,
002963,豪尔赛,活跃,2026-09-02,0.14042069357589537,,,0.05370978332238985,,,
002971,和远气体,活跃,2026-09-02,0.16053333333333342,,,-0.020470633250430303,,,
002973,侨银股份,活跃,2026-09-02,0.2792792792792791,0.28830645161290325,-0.073913043478261,0.07843550905025087,0.04485714285714293,,
002975,博杰股份,活跃,2026-09-02,0.1515187330102825,,,-0.035995567340800116,,,
002980,华盛昌,活跃,2026-09-02,0.27344365642237967,-0.0014418125643665958,,0.030316554560234632,0.011717738538297162,,
002989,中天精装,活跃,2026-09-02,0.01978021978021971,,,-0.03076890940613708,,,
003005,竞业达,活跃,2026-09-02,0.3995801259622114,,,0.3840830449826991,,,
003018,金富科技,活跃,2026-09-02,0.3415271966527196,,,0.19464853346995326,,,
003031,中瓷电子,活跃,2026-09-02,0.09472521402927381,,,-0.05953063524387603,,,
300017,网宿科技,活跃,2026-09-02,0.08389261744966436,0.10768175582990391,,0.03728443431067152,0.019819861009509943,,
300051,琏升科技,活跃,2026-09-02,0.02010050251256268,,,-0.05190028606456887,,,
300063,天龙集团,活跃,2026-09-02,-0.0650826446280991,,,-0.016464706841275767,,,
300120,经纬辉开,活跃,2026-09-02,0.15922619047619047,,,-0.06673056187851922,,,
300122,智飞生物,活跃,2026-09-02,0.03726235741444861,,,0.014578994346920782,,,
300134,大富科技,活跃,2026-09-02,0.060096153846153744,0.10387984981226528,-0.22902097902097895,0.03327085285848175,0.024831910242131938,,
300139,晓程科技,活跃,2026-09-02,0.15186759114292103,0.3759016831418649,,0.012503932054104938,0.06500644635950326,,
300142,沃森生物,活跃,2026-09-02,0.05015923566878966,,,-0.04572420778469111,,,
300169,天晟新材,活跃,2026-09-02,0.05234657039711199,0.25376344086021496,,0.029126213592232997,0.04178591871780202,,
300189,神农种业,活跃,2026-09-02,0.4325481798715205,,,0.15784008307372788,,,
300197,节能铁汉,活跃,2026-09-02,0.058201058201058364,,,-0.024152232251768768,,,
300209,有棵树,活跃,2026-09-02,-0.06951582364078979,,,-0.023878098264829895,,,
300214,日科化学,活跃,2026-09-02,-0.12244897959183676,,,-0.05209013716525157,,,
300243,瑞丰高材,活跃,2026-09-02,0.16642857142857137,,,0.00137973325157148,,,
300270,中威电子,活跃,2026-09-02,-0.11924528301886794,,,-0.04882223490096993,,,
300287,飞利信,活跃,2026-09-02,-0.06045340050377834,,,0.008244357345587261,,,
300305,裕兴股份,活跃,2026-09-02,0.043199999999999905,0.24665391969407247,-0.05507246376811603,0.04128403737123687,0.0434426229508198,,
300319,麦捷科技,活跃,2026-09-02,0.20957711442786087,,,0.05709394277018398,,,
300333,兆日科技,活跃,2026-09-02,0.7758369723435223,,,0.14125350795135638,,,
300345,华民股份,活跃,2026-09-02,0.33391608391608396,,,-0.037102473498233146,,,
300359,全通教育,活跃,2026-09-02,-0.04222222222222227,,,0.015312131919905658,,,
300363,博腾股份,活跃,2026-09-02,0.06874999999999987,,,-0.09556437071763435,,,
300364,中文在线,活跃,2026-09-02,-0.006802721088435382,,,0.07121020666041655,,,
300369,绿盟科技,活跃,2026-09-02,-0.03751617076326008,,,0.009018783481386183,,,
300378,鼎捷数智,活跃,2026-09-02,0.05821262640065572,,,0.10440822031118535,,,
300386,飞天诚信,活跃,2026-09-02,0.20725883476599805,0.23558162267839688,,0.059069962295768885,0.04484582315281593,,
300394,天孚通信,活跃,2026-09-02,0.15287064791330418,,,-0.024736581350622844,,,
300456,赛微电子,活跃,2026-09-02,0.25602791878172604,,,0.17566704776611397,,,
300476,胜宏科技,活跃,2026-09-02,-0.0472604188703194,,,-0.12623563079012456,,,
300480,光力科技,活跃,2026-09-02,-0.03530936183997413,,,-0.1004787579478349,,,
300508,维宏股份,活跃,2026-09-02,-0.11566748384221082,,,-0.10154083030488292,,,
300515,三德科技,活跃,2026-09-02,0.031505986137366104,0.2602001539645882,-0.16137295081967207,0.017149248167018794,0.0206379387698421,,
300530,领湃科技,活跃,2026-09-02,0.06955645161290325,,,0.08898696500051329,,,
300538,同益股份,活跃,2026-09-02,0.1128798842257599,0.0363881401617252,,0.006412773197225441,0.04334542677105224,,
300562,乐心医疗,活跃,2026-09-02,0.2385988103106409,,,0.15365673479438557,,,
300570,太辰光,活跃,2026-09-02,0.42887377173091434,,,0.043016715082196066,,,
300598,诚迈科技,活跃,2026-09-02,0.08826351135273436,0.2428780131482835,,0.06385306760453302,0.0330940721361328,,
300605,恒锋信息,活跃,2026-09-02,-0.03336339044183945,,,0.020952380952381056,,,
300613,富瀚微,活跃,2026-09-02,0.08848433530906008,,,0.04810436200570711,,,
300620,光库科技,活跃,2026-09-02,0.08820599279638275,,,-0.05523545927532558,,,
300672,国科微,活跃,2026-09-02,0.27825064009411116,,,0.09042396193669511,,,
300679,电连技术,活跃,2026-09-02,0.1325507459036439,,,-0.023634331976976952,,,
300686,智动力,活跃,2026-09-02,0.0019920318725099584,-0.03145057766367143,,0.00821807977550626,0.03843775507680114,,
300688,创业黑马,活跃,2026-09-02,-0.017891373801916965,,,-0.007314355836145703,,,
300711,广哈通信,活跃,2026-09-02,0.17906683480453967,0.22062663185378573,,0.015173312342227296,0.04445162201990427,,
300765,新诺威,活跃,2026-09-02,0.17105263157894735,0.31462333825701627,,0.008544296625342618,0.01910120558118411,,
300789,唐源电气,活跃,2026-09-02,-0.09851694915254239,,,-0.044946972672689656,,,
300798,锦鸡股份,活跃,2026-09-02,0.16905071521456438,,,0.1558241193108767,,,
300802,矩子科技,活跃,2026-09-02,0.07811764705882362,,,-0.00663400251485069,,,
300805,电声股份,活跃,2026-09-02,0.013017751479290185,0.19220055710306427,,0.03625688517644221,0.00016321201240421246,,
300839,博汇股份,活跃,2026-09-02,0.15774907749077505,,,0.07209977789167965,,,
300841,康华生物,活跃,2026-09-02,0.08783928189784151,,,-0.014320433001868693,,,
300846,首都在线,活跃,2026-09-02,-0.08406874129122166,,,-0.010139544222467656,,,
300864,南大环境,活跃,2026-09-02,0.30158730158730185,,,0.1087573804480102,,,
300894,火星人,活跃,2026-09-02,-0.06141078838174274,,,-0.019378332683053667,,,
300897,山科智能,活跃,2026-09-02,0.06628056628056633,0.16937191249117856,,0.016813942071674193,0.03905992846327688,,
300903,科翔股份,活跃,2026-09-02,0.6440298507462687,,,0.09541360813977362,,,
300911,亿田智能,活跃,2026-09-02,0.3410199556541018,,,0.2849494348602022,,,
300929,华骐环保,活跃,2026-09-02,0.21330441070137396,0.2741078208048595,,0.05584395154947308,0.044703351034608874,,
300970,华绿生物,活跃,2026-09-02,0.1364692218350756,,,0.01760133114941631,,,
300981,中红医疗,活跃,2026-09-02,0.022435897435897356,0.6046277665995976,,0.03726344540547566,0.06921760391198051,,
300985,致远新能,活跃,2026-09-02,0.20339547270306246,,,-0.03858939921810589,,,
300990,同飞股份,活跃,2026-09-02,0.3951831266923187,,,0.2277170607525567,,,
301018,申菱环境,活跃,2026-09-02,0.27015457788347197,,,0.1162489354253855,,,
301026,浩通科技,活跃,2026-09-02,-0.05397859469520705,,,-0.0617500461510061,,,
301045,天禄科技,活跃,2026-09-02,-0.007260101010100994,,,-0.05880592548256769,,,
301060,兰卫医学,活跃,2026-09-02,0.20870535714285698,,,-0.028307388632183517,,,
301085,亚康股份,活跃,2026-09-02,-0.03150102378327291,,,0.004049508507233623,,,
301106,骏成科技,活跃,2026-09-02,0.15075075075075084,,,-0.018920095240533508,,,
301123,奕东电子,活跃,2026-09-02,0.17297709923664129,-0.19168858495528673,,0.022784001277980526,0.005006110191043689,,
301127,武汉天源,活跃,2026-09-02,0.1448598130841121,,,-0.014112845276077146,,,
301129,瑞纳智能,活跃,2026-09-02,0.12779097387173377,0.19778002018163465,,0.017007239857773193,0.03930969857879085,,
301151,冠龙节能,活跃,2026-09-02,0.39200998751560556,,,0.26367087890292984,,,
301152,天力锂能,活跃,2026-09-02,0.14688128772635833,,,0.07951989772969403,,,
301158,德石股份,活跃,2026-09-02,0.1018893387314439,,,0.06090628552866639,,,
301165,锐捷网络,活跃,2026-09-02,0.046572022160664917,,,-0.03692197395148755,,,
301171,易点天下,活跃,2026-09-02,-0.08997692899256593,,,-0.033776979396314744,,,
301177,迪阿股份,活跃,2026-09-02,0.06841652323580028,0.10453736654804269,,0.02975635044064262,0.03181891531092762,,
301182,凯旺科技,活跃,2026-09-02,-0.025870790576672853,,,-0.035199473224638234,,,
301183,东田微,活跃,2026-09-02,0.368101579436358,-0.002303627083427351,,0.03911989066847932,0.043935318141546276,,
301190,善水科技,活跃,2026-09-02,0.07637362637362632,0.28290766208251483,,0.0007151614221494462,0.032001593740944356,,
301205,联特科技,活跃,2026-09-02,0.09047035391450908,,,-0.04743741593559936,,,
301211,亨迪药业,活跃,2026-09-02,0.10138248847926268,,,-0.029993100369333225,,,
301217,铜冠铜箔,活跃,2026-09-02,0.14741833508956792,,,-0.06264660942174005,,,
301227,森鹰窗业,活跃,2026-09-02,0.4697957409821816,,,0.17800727982026854,,,
301231,荣信文化,活跃,2026-09-02,0.08844765342960281,,,0.08307139649753026,,,
301251,威尔高,活跃,2026-09-02,0.6640554383850557,,,0.15974591842091446,,,
301270,汉仪股份,活跃,2026-09-02,-0.05305275637225848,,,-0.023383768913342373,,,
301282,金禄电子,活跃,2026-09-02,0.5883128295254831,0.3524130190796857,,0.1255195603779753,0.0984485046442789,,
301292,海科新源,活跃,2026-09-02,-0.1149705755705469,,,-0.08209899516189056,,,
301357,北方长龙,活跃,2026-09-02,0.1284501061571124,,,0.10548948849011763,,,
301366,一博科技,活跃,2026-09-02,0.18001309186122638,,,-0.015178416964862884,,,
301382,蜂助手,活跃,2026-09-02,-0.09598853868194845,,,-0.06801565615538008,,,
301399,英特科技,活跃,2026-09-02,0.37029955385595925,,,0.16648129560806235,,,
301419,阿莱德,活跃,2026-09-02,0.19223173140223837,,,-0.005013391937366829,,,
301449,天溯计量,活跃,2026-09-02,0.15545243619489568,0.25125628140703515,,0.05722507902061613,0.057887476165789487,,
301529,福赛科技,活跃,2026-09-02,0.41665623043206024,,,0.09568872831530095,,,
301550,斯菱智驱,活跃,2026-09-02,0.1608325449385053,,,0.009484855964176253,,,
301591,肯特股份,活跃,2026-09-02,0.8832928100034734,,,0.388511869702169,,,
301626,苏州天脉,活跃,2026-09-02,0.09671840546500077,,,-0.020600744028371087,,,
301630,同宇新材,活跃,2026-09-02,0.16194405679267043,,,0.06411944810264458,,,
301668,昊创瑞通,活跃,2026-09-02,-0.037075992637391586,,,0.022705057670287854,,,
600095,湘财股份,活跃,2026-09-02,0.1469534050179213,,,0.13892513939969153,,,
600103,青山纸业,活跃,2026-09-02,0.275974025974026,,,0.21917170777105643,,,
600105,永鼎股份,活跃,2026-09-02,0.05499316005471977,,,-0.02464935689081682,,,
600110,诺德股份,活跃,2026-09-02,0.24465811965811968,-0.15025528811086797,,0.08195960065010444,0.03447451141178082,,
600121,郑州煤电,活跃,2026-09-02,0.3554987212276215,,,0.24793972215681648,,,
600162,香江控股,活跃,2026-09-02,0.4201183431952662,,,0.08769544527532314,,,
600165,宁科生物,活跃,2026-09-02,0.33333333333333326,0.1617647058823528,,0.10162105630120277,0.058429621848739455,,
600172,黄河旋风,活跃,2026-09-02,0.31461675579322623,-0.1614553723706651,,0.09898297507730125,0.04060405484328511,,
600183,生益科技,活跃,2026-09-02,0.180715041941526,,,0.053457634261715015,,,
600186,莲花控股,活跃,2026-09-02,0.2379958246346554,0.08907254361799799,,0.03734802763928968,0.04840912876894876,,
600198,大唐电信,活跃,2026-09-02,0.06896551724137923,-0.043209876543209846,,0.0161935356978955,0.02170913439425992,,
600206,有研新材,活跃,2026-09-02,0.21317244846656602,,,-0.07342875519588377,,,
600227,赤天化,活跃,2026-09-02,0.5201238390092879,,,0.24856961220597595,,,
600228,返利科技,活跃,2026-09-02,0.26131953428201804,,,0.155692526521662,,,
600272,开开实业,活跃,2026-09-02,0.6865671641791042,,,0.013623367158154265,,,
600288,大恒科技,活跃,2026-09-02,0.03981481481481475,,,-0.024326672458731657,,,
600313,农发种业,活跃,2026-09-02,0.2641843971631206,0.3871595330739299,,0.08672458466697153,0.05711864406779643,,
600326,西藏天路,活跃,2026-09-02,0.11403508771929838,0.20760697305863718,,0.016271005601493638,0.033169708811895404,,
600330,天通股份,活跃,2026-09-02,0.3445121951219512,0.09746992948983824,,0.011023441529908418,0.06614697646257484,,
600353,旭光电子,活跃,2026-09-02,0.3039022467481276,,,0.0021357487995878888,,,
600354,敦煌种业,活跃,2026-09-02,0.38215488215488214,,,0.18453325638436024,,,
600367,红星发展,活跃,2026-09-02,0.28308823529411753,-0.10009376465072661,,0.051147253710092544,0.04245302371379367,,
600368,五洲交通,活跃,2026-09-02,0.11224489795918369,0.23163841807909602,0.11794871794871797,0.06419331217964364,0.024410989197924726,,
600378,昊华科技,活跃,2026-09-02,0.14454277286135686,,,0.04860504760716822,,,
600379,宝光股份,活跃,2026-09-02,0.20158730158730176,-0.004602235371466201,,0.04641116909147458,0.0473310068502002,,
600397,江钨装备,活跃,2026-09-02,0.19413680781758957,-0.042319749216301106,,0.015146900008307096,0.03860657957789049,,
600403,大有能源,活跃,2026-09-02,0.22984562607204118,,,0.04778605874616404,,,
600409,三友化工,活跃,2026-09-02,0.07328244274809159,0.2311733800350264,,0.01736613603473236,0.03785022924095771,,
600460,士兰微,活跃,2026-09-02,0.01241018941868055,,,-0.07082696400203814,,,
600468,百利电气,活跃,2026-09-02,-0.06528189910979232,,,0.009211053263916691,,,
600475,华光环能,活跃,2026-09-02,-0.041348600508905875,,,0.010493847855969518,,,
600479,千金药业,活跃,2026-09-02,0.3319630010277492,,,0.2130855992886227,,,
600487,亨通光电,活跃,2026-09-02,0.22955339092078675,-0.13071725571725556,,0.06401590457256501,0.02715815529072696,,
600500,中化国际,活跃,2026-09-02,0.12474849094567397,-0.12519561815336466,,0.035472816523108186,0.019918485406257957,,
600508,上海能源,活跃,2026-09-02,0.3191990577149586,,,0.1428571428571428,,,
600513,联环药业,活跃,2026-09-02,-0.09143518518518534,,,-0.07880068063134427,,,
600521,华海药业,活跃,2026-09-02,-0.04141656662665061,,,-0.06058823529411761,,,
600536,中国软件,活跃,2026-09-02,0.016701461377870652,0.22449712643678166,,0.02950502823664425,0.0015459251650173922,,
600547,山东黄金,活跃,2026-09-02,0.3124350536889504,0.5528688524590164,-0.18951871657754005,0.1385387400652054,0.0648830266637912,,
600551,时代出版,活跃,2026-09-02,0.22792022792022792,,,0.19680666435265537,,,
600578,京能电力,活跃,2026-09-02,-0.09682804674457435,,,-0.06157849089332168,,,
600584,长电科技,活跃,2026-09-02,0.03392779469334495,,,-0.07681552493090049,,,
600588,用友网络,活跃,2026-09-02,-0.150210970464135,,,-0.08325367563384767,,,
600604,市北高新,活跃,2026-09-02,0.048034934497816595,0.21212121212121215,,0.013406523804497139,0.02481979638849663,,
600610,中毅达,活跃,2026-09-02,0.21549295774647903,,,0.07773961910708715,,,
600617,国新能源,活跃,2026-09-02,0.01764705882352935,0.2720588235294117,0.011695906432748648,0.007131421918206815,0.028156312625250424,,
600629,华建集团,活跃,2026-09-02,0.03982016698779711,,,-0.0060166994106090055,,,
600641,万业企业,活跃,2026-09-02,0.20541760722347635,,,-0.035230352303522894,,,
600654,中安科,活跃,2026-09-02,0.11409395973154357,,,0.08585445625511023,,,
600663,陆家嘴,活跃,2026-09-02,0.02604756511891293,,,-0.028105556747478944,,,
600664,哈药股份,活跃,2026-09-02,0.36484490398818337,1.9902912621359223,,0.08654750705550329,0.086386937535599,,
600666,奥瑞德,活跃,2026-09-02,-0.07888040712468192,,,-0.018305084745762645,,,
600683,京投发展,活跃,2026-09-02,0.1578947368421053,,,-0.06049822064056931,,,
600691,潞化科技,活跃,2026-09-02,0.27235772357723564,,,0.1786857465637357,,,
600693,东百集团,活跃,2026-09-02,0.025536261491317713,,,0.05357049163125027,,,
600698,湖南天雁,活跃,2026-09-02,0.15488721804511263,0.34736842105263155,-0.01285347043701801,0.08735664731700421,0.042905286454403724,,
600712,南宁百货,活跃,2026-09-02,0.005291005291005346,0.19747899159663884,-0.09379968203497613,0.04090577063550027,0.03276667531793409,,
600714,金瑞矿业,活跃,2026-09-02,0.30566801619433215,,,0.17829740591888932,,,
600721,百花医药,活跃,2026-09-02,0.47646383467278963,,,-0.052076806840378964,,,
600722,金牛化工,活跃,2026-09-02,0.7589041095890414,,,0.4092339211238749,,,
600737,中粮糖业,活跃,2026-09-02,0.1603700848111025,0.3449508489722968,,0.04914604391774158,0.04785965272256276,,
600746,江苏索普,活跃,2026-09-02,0.1156773211567732,0.3961904761904762,,0.07905196525835412,0.022699386503067576,,
600756,浪潮软件,活跃,2026-09-02,-0.11817636472705473,,,-0.014844352109372405,,,
600785,新华百货,活跃,2026-09-02,0.3869863013698631,,,0.20243455885991413,,,
600801,华新水泥,活跃,2026-09-02,0.1211556383970176,0.3554929577464787,0.056189640035118504,0.03306139974237876,0.029249214786180255,,
600815,厦工股份,活跃,2026-09-02,0.2589285714285716,,,0.08045977011494254,,,
600828,茂业商业,活跃,2026-09-02,0.21464646464646453,,,0.19192169495725397,,,
600829,人民同泰,活跃,2026-09-02,0.08714133900106269,,,-0.028028503562945395,,,
600830,香溢融通,活跃,2026-09-02,0.2593052109181142,,,0.21688046996762966,,,
600833,第一医药,活跃,2026-09-02,0.10030706243602872,,,-0.027765216604865528,,,
600844,金煤科技,活跃,2026-09-02,0.11206896551724133,,,0.07113202324937706,,,
600857,宁波中百,活跃,2026-09-02,0.15075669383003487,0.03076120959332629,,0.002535496957403627,0.017964071856287234,,
600881,亚泰集团,活跃,2026-09-02,0.0971428571428572,,,-0.020907700152983155,,,
600892,大晟文化,活跃,2026-09-02,0.28605769230769207,,,0.31272236535394415,,,
600962,国投中鲁,活跃,2026-09-02,-0.11811569102874953,,,-0.035679115218543944,,,
600967,内蒙一机,活跃,2026-09-02,0.15404475043029264,,,0.17138364779874227,,,
600969,郴电国际,活跃,2026-09-02,0.1822600243013366,0.32561307901907366,,0.07722114586216433,0.03579612801264309,,
600988,赤峰黄金,活跃,2026-09-02,0.12071498530852098,0.46136653895274593,,0.03172724711186259,0.052699633638910504,,
601002,晋亿实业,活跃,2026-09-02,0.03171641791044766,0.274193548387097,,0.03335513407455859,0.023711272679635575,,
601003,柳钢股份,活跃,2026-09-02,-0.02267002518891692,,,0.03273888741016773,,,
601011,宝泰隆,活跃,2026-09-02,0.15000000000000013,0.15444015444015458,,0.0403618649965205,0.03819661865998758,,
601015,陕西黑猫,活跃,2026-09-02,0.11077844311377238,0.2793103448275862,,0.03747203579418357,0.035482906408850656,,
601086,国芳集团,活跃,2026-09-02,0.3997477931904161,,,0.35738306328339986,,,
601118,海南橡胶,活跃,2026-09-02,0.2241054613935971,0.3374485596707819,,0.0957518543492919,0.05763670647391561,,
601138,工业富联,活跃,2026-09-02,-0.06250000000000011,,,-0.040737607587175706,,,
601179,中国西电,活跃,2026-09-02,-0.13324080499653013,,,-0.059133709981167626,,,
601208,东材科技,活跃,2026-09-02,0.21383168065090263,-0.15950704225352108,,0.015075163190236385,0.025104439759457753,,
601212,白银有色,活跃,2026-09-02,0.21755027422303486,,,0.07915417645629108,,,
601233,桐昆股份,活跃,2026-09-02,0.1431056981296217,,,0.07295962111623733,,,
601566,九牧王,活跃,2026-09-02,0.23333333333333317,,,0.20311229822320276,,,
601579,会稽山,活跃,2026-09-02,0.342324983943481,0.4295485636114911,,0.13797234019383642,0.057326799663748096,,
601609,金田股份,活跃,2026-09-02,0.29174664107485615,0.30426356589147296,0.2602996254681649,0.11313264968574277,0.0575568587297155,,
601700,风范股份,活跃,2026-09-02,0.26728110599078336,,,0.11275964391691407,,,
601869,长飞光纤,活跃,2026-09-02,0.30646504773499084,-0.004540350534589677,,0.09542235408359123,0.015500521675545942,,
601886,江河集团,活跃,2026-09-02,0.5548926014319806,0.6452020202020201,,0.0891461528816817,0.0864160300227852,,
601899,紫金矿业,活跃,2026-09-02,-0.021674584323040258,,,-0.02080237741456159,,,
601958,金钼股份,活跃,2026-09-02,-0.058797524314765814,,,-0.06273387629319827,,,
603002,宏昌电子,活跃,2026-09-02,0.22189349112426027,,,0.025100058949458548,,,
603009,北特科技,活跃,2026-09-02,0.14190358467243502,-0.009860664523044016,,0.018859600749972394,0.0167667863920824,,
603011,合锻智能,活跃,2026-09-02,0.2666338097585017,,,0.0558100363576608,,,
603016,新宏泰,活跃,2026-09-02,0.19565217391304346,,,0.1722978036068139,,,
603038,华立股份,活跃,2026-09-02,0.2984409799554564,0.15445544554455437,,0.07096932214806184,0.05055680329402956,,
603039,泛微网络,活跃,2026-09-02,-0.11043906810035842,,,-0.08154178857651695,,,
603052,可川科技,活跃,2026-09-02,0.11066048667439166,-0.18575676058332147,,0.00686298539864838,0.014482690209304483,,
603061,金海通,活跃,2026-09-02,0.10974527077784613,,,-0.039115394849658536,,,
603078,江化微,活跃,2026-09-02,0.07786357786357789,,,-0.06082227112799443,,,
603079,圣达生物,活跃,2026-09-02,0.13496932515337412,,,-0.012505719078847122,,,
603082,北自科技,活跃,2026-09-02,0.2179347826086957,0.22861842105263164,,0.07388017682364367,0.052626950978236886,,
603083,剑桥科技,活跃,2026-09-02,0.20353035571008293,,,0.026167265264238182,,,
603089,正裕工业,活跃,2026-09-02,0.1935110081112399,0.2515188335358445,,0.03258145363408538,0.04059380410358404,,
603093,南华期货,活跃,2026-09-02,0.0798084596967279,,,0.09767970144410199,,,
603095,越剑智能,活跃,2026-09-02,0.2099147947327653,,,0.03918568292196123,,,
603097,江苏华辰,活跃,2026-09-02,-0.05401459854014601,,,-0.02318920684370529,,,
603102,百合股份,活跃,2026-09-02,0.16862745098039222,,,-0.02637630530667623,,,
603110,东方材料,活跃,2026-09-02,0.02573682025736823,,,-0.028007237825505404,,,
603113,金能科技,活跃,2026-09-02,0.28062360801781727,,,0.1309992132179385,,,
603115,海星股份,活跃,2026-09-02,-0.00141789120907454,,,-0.009784560717321478,,,
603118,共进股份,活跃,2026-09-02,0.2236111111111112,0.22022160664819945,,0.044674354489669055,0.035068470027219245,,
603122,合富中国,活跃,2026-09-02,0.08348134991118994,,,-0.005299633102323842,,,
603151,邦基科技,活跃,2026-09-02,0.3668543845534995,,,0.10889925921091259,,,
603171,税友股份,活跃,2026-09-02,-0.09840000000000004,,,0.008151535820912104,,,
603186,华正新材,活跃,2026-09-02,0.5196546810828933,,,0.08393615113289887,,,
603188,亚邦股份,活跃,2026-09-02,0.25806451612903225,0.3033419023136248,-0.08318264014466548,0.09137875363254766,0.04348517370220195,,
603191,望变电气,活跃,2026-09-02,0.0196629213483146,,,-0.025372533225936356,,,
603200,上海洗霸,活跃,2026-09-02,0.09009952854897851,0.0680010264305877,,0.06577212142939426,0.044311311117859686,,
603203,快克智能,活跃,2026-09-02,0.022493419478344157,,,-0.025897050107144604,,,
603206,嘉环科技,活跃,2026-09-02,-0.0862290862290862,,,0.0023293569563069827,,,
603207,小方制药,活跃,2026-09-02,0.24177777777777787,,,0.16923334449280225,,,
603216,梦天家居,活跃,2026-09-02,0.14933206106870234,,,0.13959979185391935,,,
603217,元利科技,活跃,2026-09-02,0.34426229508196715,0.4600577478344561,0.22240128928283642,0.12370370370370365,0.08859282454248718,,
603221,爱丽家居,活跃,2026-09-02,1.3869814020028608,,,0.3015074396926618,,,
603228,景旺电子,活跃,2026-09-02,0.13177010322416205,,,-0.04762926065532447,,,
603236,移远通信,活跃,2026-09-02,0.3557876785333618,,,0.11896970336746548,,,
603256,宏和科技,活跃,2026-09-02,-0.013105495619433749,,,-0.06614092844638875,,,
603259,药明康德,活跃,2026-09-02,0.05755932203389835,,,-0.02111944677152633,,,
603261,立航科技,活跃,2026-09-02,0.1014464425332291,,,0.06353864882463389,,,
603268,松发股份,活跃,2026-09-02,0.06178052872100426,0.09405734040650882,,0.007210430430869774,0.035889102792442173,,
603270,金帝股份,活跃,2026-09-02,0.2567246835443038,0.10967516590988469,,0.11811079045540929,0.022850400294352813,,
603285,键邦股份,活跃,2026-09-02,-0.024846625766871244,,,-0.08000405157070711,,,
603297,永新光学,活跃,2026-09-02,0.08961064370964578,-0.07614465826144667,,0.045669409616440726,0.026684931138910795,,
603306,华懋科技,活跃,2026-09-02,0.11932997331752171,-0.17700272479564028,,0.01832060039243988,0.013840463852984763,,
603318,水发燃气,活跃,2026-09-02,0.1291759465478841,0.29833546734955196,0.08681672025723475,0.07358390682901006,0.0324901630129284,,
603330,天洋新材,活跃,2026-09-02,0.5958333333333332,0.4525916561314791,0.5218543046357615,0.1449925261584455,0.09372958850424573,,
603333,尚纬股份,活跃,2026-09-02,0.19190751445086707,0.30012610340479196,0.14555555555555566,0.08258518401848058,0.040760663686642884,,
603335,迪生力,活跃,2026-09-02,-0.02092675635276542,,,-0.02275270421484532,,,
603358,华达科技,活跃,2026-09-02,0.22381979391325202,,,0.1216533790164942,,,
603366,日出东方,活跃,2026-09-02,0.13623188405797104,0.21174652241112835,,0.08534643870699798,0.026919532424698023,,
603387,基蛋生物,活跃,2026-09-02,0.05505617977528088,0.15356265356265353,,0.0034195340884803915,0.009815454745974339,,
603395,红四方,活跃,2026-09-02,0.22619047619047605,,,0.059933301572177244,,,
603396,金辰股份,活跃,2026-09-02,0.20512820512820507,0.21551724137931028,,0.09555082786051261,0.05365104393214426,,
603400,华之杰,活跃,2026-09-02,0.07582832999777644,0.2671555788370876,-0.10967979389032023,0.0527346512462874,0.042841518186119476,,
603459,红板科技,活跃,2026-09-02,-0.04008738394320044,,,-0.05600283585857235,,,
603533,掌阅科技,活跃,2026-09-02,0.017699115044247815,,,0.09790193894483212,,,
603556,海兴电力,活跃,2026-09-02,-0.07322654462242562,,,-0.04912836767036455,,,
603559,中通国脉,活跃,2026-09-02,0.17861080485115766,,,0.14705724556038402,,,
603580,艾艾精工,活跃,2026-09-02,0.3361838588989845,,,0.1029087379782947,,,
603618,杭电股份,活跃,2026-09-02,0.41952707856598015,,,0.2356212133787039,,,
603626,科森科技,活跃,2026-09-02,0.28921244209133024,,,0.0916528902462943,,,
603629,利通电子,活跃,2026-09-02,0.020949844651575678,,,-0.08035407287760177,,,
603637,镇海股份,活跃,2026-09-02,0.14552529182879392,0.10179640718562877,,0.05519713261648751,0.04825401895028225,,
603663,三祥新材,活跃,2026-09-02,0.0998389694041868,,,-0.021443239887291687,,,
603679,华体科技,活跃,2026-09-02,0.01334560515416472,,,-0.02415244848216269,,,
603682,锦和商管,活跃,2026-09-02,0.008174386920980936,,,-0.046022947015598725,,,
603688,石英股份,活跃,2026-09-02,0.03311115889056104,,,-0.020557090004790335,,,
603690,至纯科技,活跃,2026-09-02,0.04749568221070821,,,-0.045652131153989806,,,
603696,安记食品,活跃,2026-09-02,0.028974739970282215,,,-0.007310779816513624,,,
603716,塞力医疗,活跃,2026-09-02,0.003573555687909513,,,-0.008298510976399331,,,
603721,中广天择,活跃,2026-09-02,0.18271876719867897,,,0.17079814764369394,,,
603725,天安新材,活跃,2026-09-02,0.03648915187376711,,,-0.086682598305453,,,
603738,泰晶科技,活跃,2026-09-02,0.08989441930618414,,,-0.04421782204409863,,,
603757,大元泵业,活跃,2026-09-02,0.23664383561643842,,,0.13413475505861472,,,
603773,沃格光电,活跃,2026-09-02,0.11811123838615245,,,-0.09358233594717291,,,
603778,国晟科技,活跃,2026-09-02,0.010338345864661536,-0.015567765567765512,,0.05963528831936915,0.020825418753237734,,
603797,联泰环保,活跃,2026-09-02,0.20493827160493838,0.2642487046632125,,0.030405405405405483,0.03930707682746859,,
603800,洪田股份,活跃,2026-09-02,0.0636771300448431,,,-0.08611761804956242,,,
603801,志邦家居,活跃,2026-09-02,0.09572649572649583,,,0.011838989739542338,,,
603848,好太太,活跃,2026-09-02,0.03427719821162456,-0.023223082336382816,,0.021940804005301073,0.01250031566453691,,
603880,南卫股份,活跃,2026-09-02,0.3207036535859269,0.3207036535859269,,0.1314630187804311,0.0774442928603909,,
603890,春秋电子,活跃,2026-09-02,0.07154560349535788,-0.08998144712430411,,0.03461913676272821,-0.01113656387665185,,
603900,莱绅通灵,活跃,2026-09-02,0.19495798319327728,,,0.09857849196538959,,,
603912,佳力图,活跃,2026-09-02,0.17948717948717952,0.292134831460674,,0.07917888563049846,0.04787855196574542,,
603931,格林达,活跃,2026-09-02,-0.006639722863741482,,,-0.05509865033707251,,,
603936,博敏电子,活跃,2026-09-02,0.22086330935251786,-0.11291165708311557,,0.00399349208696953,0.042103862108742396,,
603938,三孚股份,活跃,2026-09-02,0.07562814070351775,,,-0.015760251060454422,,,
603955,大千生态,活跃,2026-09-02,0.012189176011701663,0.07732226258432817,,0.03037522334723053,0.023288784384238648,,
603958,哈森股份,活跃,2026-09-02,0.6620209059233451,,,0.2637100619933237,,,
603978,深圳新星,活跃,2026-09-02,0.18129571577847425,,,0.1521899763039214,,,
603980,吉华集团,活跃,2026-09-02,0.08456973293768533,,,0.050287356321839116,,,
603989,艾华集团,活跃,2026-09-02,0.06901615271659334,,,-0.0040017785682525675,,,
603990,麦迪科技,活跃,2026-09-02,0.1563807531380752,,,-0.031006902596691144,,,
603995,甬金股份,活跃,2026-09-02,0.12594570538495775,0.1130664320281567,,0.013195570773512966,0.03891754105163314,,
605006,山东玻纤,活跃,2026-09-02,0.15234657039711208,-0.0031230480949406836,,0.08715643200163492,0.019222903885480536,,
605060,联德股份,活跃,2026-09-02,0.012941762070681984,,,-0.053708439897698246,,,
605068,明新旭腾,活跃,2026-09-02,-0.02687927107061505,,,0.13075701429327657,,,
605118,力鼎光电,活跃,2026-09-02,0.18840579710144922,-0.06183601198583499,,0.15438761145002355,0.017194957070385986,,
605162,新中港,活跃,2026-09-02,0.1901983663943989,0.39917695473251014,,0.08326253186066257,0.05921943294782017,,
605167,利柏特,活跃,2026-09-02,-0.03339634530560798,,,0.039119390347163385,,,
605168,三人行,活跃,2026-09-02,0.2410464820929643,0.07408221587162012,,0.07260852862082223,0.04817746181763849,,
605178,时空科技,活跃,2026-09-02,0.04841220423412196,-0.3183198380566802,,0.00979054530188761,-0.03351044529824887,,
605179,一鸣食品,活跃,2026-09-02,0.33676092544987135,,,0.0076380254170231865,,,
605188,国光连锁,活跃,2026-09-02,0.1842310694769711,,,0.16791130956963585,,,
605198,安德利,活跃,2026-09-02,0.07604624653965164,0.0762214983713354,,0.006120771034440864,0.04701197453658268,,
605288,凯迪股份,活跃,2026-09-02,0.12237583205325153,,,0.0730282534735538,,,
605289,罗曼股份,活跃,2026-09-02,0.14161220043572986,,,-0.014722749750860409,,,
605388,均瑶健康,活跃,2026-09-02,0.028475711892797406,0.2581967213114753,,0.0009781545484186527,0.03539410874374194,,
605488,福莱新材,活跃,2026-09-02,0.011798355380765235,,,-0.035643699311661003,,,
605577,龙版传媒,活跃,2026-09-02,0.33298755186721984,,,0.2708302427928595,,,
605589,圣泉集团,活跃,2026-09-02,0.0005140066820870093,,,-0.030229053271389028,,,
688003,天准科技,活跃,2026-09-02,0.011083256366275052,,,-0.06403248954166552,,,
688020,方邦股份,活跃,2026-09-02,-0.013131313131313105,,,-0.11672970000150673,,,
688111,金山办公,活跃,2026-09-02,-0.14597886440981545,,,-0.04401002506265661,,,
688112,鼎阳科技,活跃,2026-09-02,0.3157894736842106,-0.07613225896082254,,0.0666025101247043,0.0451083595085926,,
688123,聚辰股份,活跃,2026-09-02,0.08374999999999999,,,-0.04477195353500474,,,
688137,近岸蛋白,活跃,2026-09-02,0.8359000252461499,,,0.09349272583737456,,,
688143,长盈通,活跃,2026-09-02,0.7046874999999999,,,0.21796101771192733,,,
688146,中船特气,活跃,2026-09-02,-0.18971779826767254,,,-0.16240044479424642,,,
688152,麒麟信安,活跃,2026-09-02,0.290909090909091,,,0.13899643677983642,,,
688158,优刻得-W,活跃,2026-09-02,-0.13606789250353613,,,-0.0675520952599038,,,
688167,炬光科技,活跃,2026-09-02,0.33894888408927293,0.06477099236641237,,0.060948338809784675,0.04703839610222049,,
688185,康希诺,活跃,2026-09-02,0.41003122560499605,,,0.09123313119718457,,,
688195,腾景科技,活跃,2026-09-02,0.488,,,0.10838979566297802,,,
688234,天岳先进,活跃,2026-09-02,0.08212147134302827,,,-0.06032229459638905,,,
688280,精进电动-W,活跃,2026-09-02,-0.07251264755480602,,,-0.012744570095135521,,,
688286,敏芯股份,活跃,2026-09-02,0.14338833372066007,-0.281437125748503,,0.026229337226886473,0.014542765590337625,,
688300,联瑞新材,活跃,2026-09-02,0.4158336665333868,,,0.11057096708432024,,,
688368,晶丰明源,活跃,2026-09-02,0.3352367565668102,,,0.16020686628117797,,,
688378,奥来德,活跃,2026-09-02,0.1313494099538226,,,0.0067803575097595825,,,
688419,耐科装备,活跃,2026-09-02,0.2337117472852912,,,-0.012211508061966359,,,
688432,有研硅,活跃,2026-09-02,0.5496915695681974,0.07181796634273518,,0.09702696473841899,0.009904465785712357,,
688433,华曙高科,活跃,2026-09-02,0.4237074401008829,,,0.14580320398646163,,,
688435,英方软件,活跃,2026-09-02,-0.04867256637168138,,,-0.021535960991466818,,,
688443,智翔金泰-U,活跃,2026-09-02,-0.014090520922288685,,,-0.07978638609915523,,,
688485,九州一轨,活跃,2026-09-02,0.6407407407407406,,,0.13570815120556823,,,
688498,源杰科技,活跃,2026-09-02,0.14098613251155623,,,-0.014678037233327612,,,
688545,兴福电子,活跃,2026-09-02,0.0027638852329558983,,,-0.08412271000625093,,,
688596,正帆科技,活跃,2026-09-02,0.14507140369209326,,,-0.04848046309696086,,,
688598,金博股份,活跃,2026-09-02,0.21139376567538526,,,-0.028978431316235342,,,
688600,皖仪科技,活跃,2026-09-02,0.06268221574344013,,,0.05067829282793168,,,
688601,力芯微,活跃,2026-09-02,0.577227470002553,,,0.24145968973555187,,,
688618,三旺通信,活跃,2026-09-02,0.07306741969643493,0.08571428571428563,,0.007990981133326525,0.03784744858649902,,
688625,呈和科技,活跃,2026-09-02,0.018215613382899676,,,-0.032155477031802104,,,
688661,和林微纳,活跃,2026-09-02,0.05654147750722238,,,-0.008539726186557073,,,
688662,富信科技,活跃,2026-09-02,0.0607755880483154,,,-0.0743113921943912,,,
688669,聚石化学,活跃,2026-09-02,0.23735931463127824,,,-0.0035510162670364664,,,
688677,海泰新光,活跃,2026-09-02,0.1466296038915913,,,-0.015883051120402336,,,
688790,昂瑞微-UW,活跃,2026-09-02,0.15232618923157326,,,0.0821637383838234,,,
688808,联讯仪器,活跃,2026-09-02,0.1543049543049544,0.12508731874036005,,0.06059039148769929,0.04391193285488382,,
