股票代码,股票名称,首次进入日期,最近提交日期,提交次数,当前状态,淘汰日期,淘汰原因
000007,全新好,2026-09-02,2026-09-02,1,进入30-40只研究池,,
000011,深物业A,2026-09-02,2026-09-02,1,活跃,,
000017,深中华A,2026-09-03,2026-09-03,1,活跃,,
000020,深华发Ａ,2026-09-02,2026-09-02,1,一级活跃,,
000026,飞亚达,2026-09-02,2026-09-02,1,活跃,,
000048,京基智农,2026-09-02,2026-09-02,1,一级活跃,,
000059,华锦股份,2026-09-02,2026-09-02,1,活跃,,
000062,深圳华强,2026-09-02,2026-09-02,1,一级活跃,,
000428,华天酒店,2026-09-02,2026-09-02,1,一级活跃,,
000505,京粮控股,2026-09-02,2026-09-02,1,活跃,,
000506,招金黄金,2026-09-02,2026-09-02,1,一级活跃,,
000510,新金路,2026-09-02,2026-09-02,1,一级活跃,,
000517,荣安地产,2026-09-02,2026-09-02,1,活跃,,
000520,凤凰航运,2026-09-02,2026-09-02,1,进入30-40只研究池,,
000523,红棉股份,2026-09-02,2026-09-02,1,一级活跃,,
000526,学大教育,2026-09-02,2026-09-02,1,进入30-40只研究池,,
000536,华映科技,2026-09-02,2026-09-02,1,活跃,,
000560,我爱我家,2026-09-03,2026-09-03,1,活跃,,
000592,平潭发展,2026-09-02,2026-09-02,1,活跃,,
000596,古井贡酒,2026-09-02,2026-09-02,1,一级活跃,,
000603,盛达资源,2026-09-02,2026-09-02,1,一级活跃,,
000620,盈新发展,2026-09-02,2026-09-02,1,活跃,,
000626,远大控股,2026-09-02,2026-09-02,1,活跃,,
000628,高新发展,2026-09-02,2026-09-03,2,活跃,,
000635,英 力 特,2026-09-02,2026-09-02,1,活跃,,
000657,中钨高新,2026-09-02,2026-09-02,1,活跃,,
000670,盈方微,2026-09-02,2026-09-02,1,进入30-40只研究池,,
000712,锦龙股份,2026-09-03,2026-09-03,1,活跃,,
000716,黑芝麻,2026-09-02,2026-09-02,1,活跃,,
000720,新能泰山,2026-09-02,2026-09-02,1,进入30-40只研究池,,
000721,西安饮食,2026-09-02,2026-09-02,1,进入30-40只研究池,,
000723,美锦能源,2026-09-02,2026-09-02,1,进入30-40只研究池,,
000735,罗 牛 山,2026-09-02,2026-09-02,1,进入30-40只研究池,,
000737,北方铜业,2026-09-02,2026-09-02,1,一级活跃,,
000811,冰轮环境,2026-09-02,2026-09-02,1,活跃,,
000831,中国稀土,2026-09-02,2026-09-02,1,活跃,,
000859,国风新材,2026-09-02,2026-09-02,1,活跃,,
000887,中鼎股份,2026-09-02,2026-09-02,1,进入30-40只研究池,,
000889,中嘉博创,2026-09-02,2026-09-02,1,进入30-40只研究池,,
000890,法尔胜,2026-09-02,2026-09-02,1,活跃,,
000892,欢瑞世纪,2026-09-02,2026-09-03,2,活跃,,
000912,泸天化,2026-09-02,2026-09-02,1,活跃,,
000931,中 关 村,2026-09-02,2026-09-02,1,活跃,,
000960,锡业股份,2026-09-02,2026-09-02,1,活跃,,
000962,东方钽业,2026-09-02,2026-09-02,1,活跃,,
000975,山金国际,2026-09-02,2026-09-02,1,活跃,,
000977,浪潮信息,2026-09-02,2026-09-03,2,一级活跃,,
000989,九芝堂,2026-09-02,2026-09-02,1,活跃,,
001210,金房能源,2026-09-02,2026-09-02,1,进入30-40只研究池,,
001223,欧克科技,2026-09-02,2026-09-02,1,活跃,,
001258,立新能源,2026-09-02,2026-09-02,1,活跃,,
001268,联合精密,2026-09-02,2026-09-02,1,活跃,,
001277,速达股份,2026-09-02,2026-09-02,1,一级活跃,,
001326,联域股份,2026-09-02,2026-09-02,1,活跃,,
001330,博纳影业,2026-09-02,2026-09-02,1,活跃,,
001337,四川黄金,2026-09-02,2026-09-02,1,一级活跃,,
001358,兴欣新材,2026-09-02,2026-09-02,1,活跃,,
001359,平安电工,2026-09-02,2026-09-02,1,活跃,,
001378,德冠新材,2026-09-02,2026-09-02,1,活跃,,
001696,宗申动力,2026-09-02,2026-09-02,1,一级活跃,,
002012,凯恩股份,2026-09-02,2026-09-02,1,进入30-40只研究池,,
002015,协鑫能科,2026-09-02,2026-09-02,1,活跃,,
002017,东信和平,2026-09-02,2026-09-02,1,活跃,,
002037,保利联合,2026-09-02,2026-09-02,1,进入30-40只研究池,,
002038,双鹭药业,2026-09-02,2026-09-02,1,活跃,,
002041,登海种业,2026-09-02,2026-09-02,1,一级活跃,,
002059,云南旅游,2026-09-03,2026-09-03,1,活跃,,
002072,凯瑞德,2026-09-02,2026-09-02,1,活跃,,
002081,金 螳 螂,2026-09-02,2026-09-02,1,活跃,,
002094,青岛金王,2026-09-02,2026-09-02,1,活跃,,
002104,恒宝股份,2026-09-02,2026-09-02,1,活跃,,
002107,沃华医药,2026-09-02,2026-09-02,1,一级活跃,,
002112,三变科技,2026-09-02,2026-09-02,1,活跃,,
002141,贤丰控股,2026-09-02,2026-09-02,1,活跃,,
002155,湖南黄金,2026-09-02,2026-09-02,1,活跃,,
002165,红 宝 丽,2026-09-02,2026-09-02,1,活跃,,
002172,澳洋健康,2026-09-02,2026-09-02,1,一级活跃,,
002174,游族网络,2026-09-02,2026-09-02,1,活跃,,
002180,奔图科技,2026-09-02,2026-09-02,1,活跃,,
002212,天融信,2026-09-02,2026-09-02,1,活跃,,
002213,大为股份,2026-09-02,2026-09-02,1,活跃,,
002222,福晶科技,2026-09-02,2026-09-02,1,一级活跃,,
002229,鸿博股份,2026-09-02,2026-09-02,1,进入30-40只研究池,,
002235,安妮股份,2026-09-02,2026-09-02,1,活跃,,
002256,兆新股份,2026-09-02,2026-09-02,1,活跃,,
002265,建设工业,2026-09-02,2026-09-02,1,活跃,,
002277,友阿股份,2026-09-02,2026-09-02,1,一级活跃,,
002297,博云新材,2026-09-03,2026-09-03,1,活跃,,
002300,太阳电缆,2026-09-03,2026-09-03,1,活跃,,
002303,美盈森,2026-09-02,2026-09-02,1,活跃,,
002322,理工能科,2026-09-02,2026-09-02,1,进入30-40只研究池,,
002328,新朋股份,2026-09-02,2026-09-03,2,活跃,,
002329,皇氏集团,2026-09-02,2026-09-02,1,进入30-40只研究池,,
002348,高乐股份,2026-09-02,2026-09-02,1,活跃,,
002349,精华制药,2026-09-02,2026-09-02,1,活跃,,
002354,天娱数科,2026-09-02,2026-09-02,1,活跃,,
002364,中恒电气,2026-09-02,2026-09-02,1,活跃,,
002365,永安药业,2026-09-02,2026-09-02,1,进入30-40只研究池,,
002370,亚太药业,2026-09-02,2026-09-02,1,活跃,,
002382,蓝帆医疗,2026-09-02,2026-09-02,1,活跃,,
002384,东山精密,2026-09-02,2026-09-02,1,活跃,,
002396,星网锐捷,2026-09-02,2026-09-03,2,活跃,,
002409,雅克科技,2026-09-02,2026-09-02,1,活跃,,
002418,康盛股份,2026-09-02,2026-09-03,2,活跃,,
002421,达实智能,2026-09-02,2026-09-02,1,活跃,,
002428,云南锗业,2026-09-02,2026-09-02,1,活跃,,
002436,兴森科技,2026-09-02,2026-09-02,1,活跃,,
002437,誉衡药业,2026-09-02,2026-09-02,1,活跃,,
002438,江苏神通,2026-09-02,2026-09-02,1,活跃,,
002445,中南文化,2026-09-02,2026-09-02,1,活跃,,
002448,中原内配,2026-09-02,2026-09-02,1,活跃,,
002463,沪电股份,2026-09-02,2026-09-02,1,活跃,,
002474,榕基软件,2026-09-02,2026-09-02,1,一级活跃,,
002476,宝莫股份,2026-09-02,2026-09-02,1,进入30-40只研究池,,
002484,江海股份,2026-09-02,2026-09-02,1,活跃,,
002491,通鼎互联,2026-09-02,2026-09-02,1,活跃,,
002515,金字火腿,2026-09-02,2026-09-02,1,活跃,,
002517,恺英网络,2026-09-02,2026-09-02,1,活跃,,
002536,飞龙股份,2026-09-02,2026-09-03,2,活跃,,
002545,东方铁塔,2026-09-02,2026-09-02,1,活跃,,
002548,金新农,2026-09-02,2026-09-02,1,一级活跃,,
002552,宝鼎科技,2026-09-02,2026-09-02,1,活跃,,
002558,巨人网络,2026-09-02,2026-09-02,1,活跃,,
002580,圣阳股份,2026-09-02,2026-09-02,1,进入30-40只研究池,,
002582,好想你,2026-09-02,2026-09-02,1,活跃,,
002589,瑞康医药,2026-09-02,2026-09-02,1,一级活跃,,
002607,中公教育,2026-09-02,2026-09-02,1,活跃,,
002631,德尔未来,2026-09-02,2026-09-03,2,活跃,,
002636,金安国纪,2026-09-02,2026-09-02,1,活跃,,
002638,勤上股份,2026-09-02,2026-09-02,1,活跃,,
002645,华宏科技,2026-09-02,2026-09-02,1,活跃,,
002655,共达电声,2026-09-02,2026-09-02,1,一级活跃,,
002659,凯文教育,2026-09-02,2026-09-02,1,活跃,,
002686,亿利达,2026-09-02,2026-09-02,1,一级活跃,,
002687,乔治白,2026-09-02,2026-09-02,1,一级活跃,,
002695,煌上煌,2026-09-02,2026-09-02,1,活跃,,
002702,海欣食品,2026-09-02,2026-09-02,1,进入30-40只研究池,,
002703,浙江世宝,2026-09-02,2026-09-03,2,活跃,,
002706,良信股份,2026-09-02,2026-09-02,1,活跃,,
002708,光洋股份,2026-09-02,2026-09-03,2,活跃,,
002716,湖南白银,2026-09-02,2026-09-02,1,活跃,,
002721,金一文化,2026-09-02,2026-09-02,1,活跃,,
002724,海洋王,2026-09-02,2026-09-02,1,进入30-40只研究池,,
002734,利民股份,2026-09-02,2026-09-02,1,进入30-40只研究池,,
002741,光华科技,2026-09-02,2026-09-02,1,活跃,,
002742,三圣股份,2026-09-02,2026-09-02,1,活跃,,
002743,富煌钢构,2026-09-02,2026-09-02,1,活跃,,
002774,快意电梯,2026-09-02,2026-09-02,1,活跃,,
002775,文科股份,2026-09-02,2026-09-02,1,活跃,,
002779,中坚科技,2026-09-02,2026-09-02,1,活跃,,
002796,世嘉科技,2026-09-02,2026-09-02,1,活跃,,
002811,郑中设计,2026-09-02,2026-09-02,1,活跃,,
002827,高争民爆,2026-09-02,2026-09-02,1,进入30-40只研究池,,
002828,贝肯能源,2026-09-02,2026-09-02,1,活跃,,
002829,星网宇达,2026-09-02,2026-09-02,1,进入30-40只研究池,,
002837,英维克,2026-09-02,2026-09-02,1,活跃,,
002846,英联股份,2026-09-02,2026-09-02,1,进入30-40只研究池,,
002851,麦格米特,2026-09-02,2026-09-02,1,活跃,,
002855,捷荣技术,2026-09-03,2026-09-03,1,活跃,,
002859,洁美科技,2026-09-02,2026-09-02,1,活跃,,
002870,香山股份,2026-09-02,2026-09-02,1,活跃,,
002880,卫光生物,2026-09-02,2026-09-02,1,一级活跃,,
002882,金龙羽,2026-09-02,2026-09-02,1,进入30-40只研究池,,
002886,沃特股份,2026-09-02,2026-09-03,2,活跃,,
002902,铭普光磁,2026-09-02,2026-09-02,1,一级活跃,,
002907,华森制药,2026-09-02,2026-09-02,1,活跃,,
002908,德生科技,2026-09-02,2026-09-02,1,活跃,,
002909,集泰股份,2026-09-02,2026-09-03,2,活跃,,
002913,奥士康,2026-09-02,2026-09-02,1,进入30-40只研究池,,
002915,中欣氟材,2026-09-02,2026-09-02,1,一级活跃,,
002916,深南电路,2026-09-02,2026-09-02,1,活跃,,
002918,蒙娜丽莎,2026-09-02,2026-09-02,1,活跃,,
002929,润建股份,2026-09-02,2026-09-02,1,活跃,,
002931,锋龙股份,2026-09-02,2026-09-02,1,活跃,,
002938,鹏鼎控股,2026-09-02,2026-09-02,1,活跃,,
002942,新农股份,2026-09-02,2026-09-02,1,活跃,,
002947,恒铭达,2026-09-02,2026-09-02,1,活跃,,
002949,华阳国际,2026-09-02,2026-09-02,1,活跃,,
002951,金时科技,2026-09-02,2026-09-02,1,活跃,,
002953,日丰股份,2026-09-02,2026-09-02,1,一级活跃,,
002957,科瑞技术,2026-09-02,2026-09-02,1,活跃,,
002963,豪尔赛,2026-09-02,2026-09-02,1,活跃,,
002971,和远气体,2026-09-02,2026-09-02,1,活跃,,
002973,侨银股份,2026-09-02,2026-09-02,1,进入30-40只研究池,,
002975,博杰股份,2026-09-02,2026-09-02,1,活跃,,
002980,华盛昌,2026-09-02,2026-09-02,1,一级活跃,,
002989,中天精装,2026-09-02,2026-09-02,1,活跃,,
003005,竞业达,2026-09-02,2026-09-03,2,活跃,,
003018,金富科技,2026-09-02,2026-09-03,2,活跃,,
003031,中瓷电子,2026-09-02,2026-09-02,1,活跃,,
003040,楚天龙,2026-09-03,2026-09-03,1,活跃,,
300017,网宿科技,2026-09-02,2026-09-02,1,一级活跃,,
300051,琏升科技,2026-09-02,2026-09-02,1,活跃,,
300063,天龙集团,2026-09-02,2026-09-02,1,活跃,,
300120,经纬辉开,2026-09-02,2026-09-02,1,活跃,,
300122,智飞生物,2026-09-02,2026-09-02,1,活跃,,
300134,大富科技,2026-09-02,2026-09-02,1,一级活跃,,
300139,晓程科技,2026-09-02,2026-09-02,1,一级活跃,,
300142,沃森生物,2026-09-02,2026-09-02,1,活跃,,
300169,天晟新材,2026-09-02,2026-09-02,1,一级活跃,,
300189,神农种业,2026-09-02,2026-09-02,1,活跃,,
300197,节能铁汉,2026-09-02,2026-09-02,1,活跃,,
300209,有棵树,2026-09-02,2026-09-02,1,活跃,,
300214,日科化学,2026-09-02,2026-09-02,1,活跃,,
300243,瑞丰高材,2026-09-02,2026-09-02,1,活跃,,
300270,中威电子,2026-09-02,2026-09-02,1,活跃,,
300287,飞利信,2026-09-02,2026-09-02,1,活跃,,
300305,裕兴股份,2026-09-02,2026-09-02,1,一级活跃,,
300319,麦捷科技,2026-09-02,2026-09-02,1,活跃,,
300333,兆日科技,2026-09-02,2026-09-02,1,活跃,,
300345,华民股份,2026-09-02,2026-09-02,1,活跃,,
300359,全通教育,2026-09-02,2026-09-02,1,活跃,,
300363,博腾股份,2026-09-02,2026-09-02,1,活跃,,
300364,中文在线,2026-09-02,2026-09-02,1,活跃,,
300369,绿盟科技,2026-09-02,2026-09-02,1,活跃,,
300378,鼎捷数智,2026-09-02,2026-09-03,2,活跃,,
300386,飞天诚信,2026-09-02,2026-09-02,1,一级活跃,,
300394,天孚通信,2026-09-02,2026-09-02,1,活跃,,
300413,芒果超媒,2026-09-03,2026-09-03,1,活跃,,
300456,赛微电子,2026-09-02,2026-09-02,1,活跃,,
300476,胜宏科技,2026-09-02,2026-09-02,1,活跃,,
300480,光力科技,2026-09-02,2026-09-02,1,活跃,,
300508,维宏股份,2026-09-02,2026-09-02,1,活跃,,
300515,三德科技,2026-09-02,2026-09-02,1,一级活跃,,
300530,领湃科技,2026-09-02,2026-09-02,1,活跃,,
300538,同益股份,2026-09-02,2026-09-02,1,一级活跃,,
300562,乐心医疗,2026-09-02,2026-09-02,1,活跃,,
300570,太辰光,2026-09-02,2026-09-02,1,活跃,,
300598,诚迈科技,2026-09-02,2026-09-02,1,一级活跃,,
300605,恒锋信息,2026-09-02,2026-09-02,1,活跃,,
300613,富瀚微,2026-09-02,2026-09-02,1,活跃,,
300620,光库科技,2026-09-02,2026-09-02,1,活跃,,
300642,透景生命,2026-09-03,2026-09-03,1,活跃,,
300672,国科微,2026-09-02,2026-09-02,1,活跃,,
300679,电连技术,2026-09-02,2026-09-02,1,活跃,,
300686,智动力,2026-09-02,2026-09-02,1,一级活跃,,
300688,创业黑马,2026-09-02,2026-09-02,1,活跃,,
300711,广哈通信,2026-09-02,2026-09-02,1,一级活跃,,
300765,新诺威,2026-09-02,2026-09-02,1,一级活跃,,
300789,唐源电气,2026-09-02,2026-09-02,1,活跃,,
300798,锦鸡股份,2026-09-02,2026-09-02,1,活跃,,
300802,矩子科技,2026-09-02,2026-09-02,1,活跃,,
300805,电声股份,2026-09-02,2026-09-02,1,一级活跃,,
300830,金现代,2026-09-03,2026-09-03,1,活跃,,
300839,博汇股份,2026-09-02,2026-09-02,1,活跃,,
300841,康华生物,2026-09-02,2026-09-02,1,活跃,,
300846,首都在线,2026-09-02,2026-09-02,1,活跃,,
300864,南大环境,2026-09-02,2026-09-02,1,活跃,,
300894,火星人,2026-09-02,2026-09-02,1,活跃,,
300897,山科智能,2026-09-02,2026-09-02,1,一级活跃,,
300903,科翔股份,2026-09-02,2026-09-02,1,活跃,,
300911,亿田智能,2026-09-02,2026-09-03,2,活跃,,
300929,华骐环保,2026-09-02,2026-09-02,1,一级活跃,,
300970,华绿生物,2026-09-02,2026-09-02,1,活跃,,
300981,中红医疗,2026-09-02,2026-09-02,1,一级活跃,,
300985,致远新能,2026-09-02,2026-09-02,1,活跃,,
300990,同飞股份,2026-09-02,2026-09-02,1,活跃,,
301018,申菱环境,2026-09-02,2026-09-02,1,活跃,,
301026,浩通科技,2026-09-02,2026-09-02,1,活跃,,
301045,天禄科技,2026-09-02,2026-09-02,1,活跃,,
301060,兰卫医学,2026-09-02,2026-09-02,1,活跃,,
301085,亚康股份,2026-09-02,2026-09-02,1,活跃,,
301106,骏成科技,2026-09-02,2026-09-02,1,活跃,,
301123,奕东电子,2026-09-02,2026-09-02,1,一级活跃,,
301127,武汉天源,2026-09-02,2026-09-02,1,活跃,,
301129,瑞纳智能,2026-09-02,2026-09-02,1,一级活跃,,
301151,冠龙节能,2026-09-02,2026-09-02,1,活跃,,
301152,天力锂能,2026-09-02,2026-09-02,1,活跃,,
301158,德石股份,2026-09-02,2026-09-02,1,活跃,,
301165,锐捷网络,2026-09-02,2026-09-02,1,活跃,,
301171,易点天下,2026-09-02,2026-09-02,1,活跃,,
301177,迪阿股份,2026-09-02,2026-09-02,1,一级活跃,,
301182,凯旺科技,2026-09-02,2026-09-02,1,活跃,,
301183,东田微,2026-09-02,2026-09-02,1,一级活跃,,
301190,善水科技,2026-09-02,2026-09-02,1,一级活跃,,
301205,联特科技,2026-09-02,2026-09-02,1,活跃,,
301211,亨迪药业,2026-09-02,2026-09-02,1,活跃,,
301217,铜冠铜箔,2026-09-02,2026-09-02,1,活跃,,
301227,森鹰窗业,2026-09-02,2026-09-02,1,活跃,,
301231,荣信文化,2026-09-02,2026-09-02,1,活跃,,
301251,威尔高,2026-09-02,2026-09-02,1,活跃,,
301270,汉仪股份,2026-09-02,2026-09-02,1,活跃,,
301282,金禄电子,2026-09-02,2026-09-02,1,一级活跃,,
301292,海科新源,2026-09-02,2026-09-02,1,活跃,,
301357,北方长龙,2026-09-02,2026-09-02,1,活跃,,
301366,一博科技,2026-09-02,2026-09-02,1,活跃,,
301382,蜂助手,2026-09-02,2026-09-02,1,活跃,,
301399,英特科技,2026-09-02,2026-09-02,1,活跃,,
301419,阿莱德,2026-09-02,2026-09-02,1,活跃,,
301449,天溯计量,2026-09-02,2026-09-02,1,一级活跃,,
301489,思泉新材,2026-09-03,2026-09-03,1,活跃,,
301529,福赛科技,2026-09-02,2026-09-02,1,活跃,,
301550,斯菱智驱,2026-09-02,2026-09-02,1,一级活跃,,
301591,肯特股份,2026-09-02,2026-09-02,1,活跃,,
301626,苏州天脉,2026-09-02,2026-09-02,1,活跃,,
301630,同宇新材,2026-09-02,2026-09-02,1,活跃,,
301668,昊创瑞通,2026-09-02,2026-09-02,1,活跃,,
600095,湘财股份,2026-09-02,2026-09-02,1,活跃,,
600103,青山纸业,2026-09-02,2026-09-02,1,活跃,,
600105,永鼎股份,2026-09-02,2026-09-02,1,活跃,,
600110,诺德股份,2026-09-02,2026-09-02,1,一级活跃,,
600121,郑州煤电,2026-09-02,2026-09-03,2,活跃,,
600127,金健米业,2026-09-03,2026-09-03,1,活跃,,
600162,香江控股,2026-09-02,2026-09-03,2,活跃,,
600165,宁科生物,2026-09-02,2026-09-02,1,一级活跃,,
600172,黄河旋风,2026-09-02,2026-09-03,2,一级活跃,,
600183,生益科技,2026-09-02,2026-09-02,1,活跃,,
600186,莲花控股,2026-09-02,2026-09-03,2,进入30-40只研究池,,
600198,大唐电信,2026-09-02,2026-09-02,1,一级活跃,,
600206,有研新材,2026-09-02,2026-09-02,1,活跃,,
600227,赤天化,2026-09-02,2026-09-02,1,活跃,,
600228,返利科技,2026-09-02,2026-09-02,1,活跃,,
600272,开开实业,2026-09-02,2026-09-02,1,活跃,,
600288,大恒科技,2026-09-02,2026-09-02,1,活跃,,
600313,农发种业,2026-09-02,2026-09-02,1,一级活跃,,
600326,西藏天路,2026-09-02,2026-09-02,1,一级活跃,,
600330,天通股份,2026-09-02,2026-09-02,1,一级活跃,,
600353,旭光电子,2026-09-02,2026-09-02,1,活跃,,
600354,敦煌种业,2026-09-02,2026-09-02,1,活跃,,
600367,红星发展,2026-09-02,2026-09-02,1,一级活跃,,
600368,五洲交通,2026-09-02,2026-09-02,1,一级活跃,,
600371,万向德农,2026-09-03,2026-09-03,1,活跃,,
600378,昊华科技,2026-09-02,2026-09-02,1,活跃,,
600379,宝光股份,2026-09-02,2026-09-02,1,一级活跃,,
600397,江钨装备,2026-09-02,2026-09-02,1,一级活跃,,
600403,大有能源,2026-09-02,2026-09-02,1,活跃,,
600409,三友化工,2026-09-02,2026-09-02,1,一级活跃,,
600460,士兰微,2026-09-02,2026-09-02,1,活跃,,
600468,百利电气,2026-09-02,2026-09-02,1,活跃,,
600475,华光环能,2026-09-02,2026-09-02,1,活跃,,
600479,千金药业,2026-09-02,2026-09-03,2,活跃,,
600487,亨通光电,2026-09-02,2026-09-02,1,一级活跃,,
600500,中化国际,2026-09-02,2026-09-02,1,一级活跃,,
600508,上海能源,2026-09-02,2026-09-02,1,活跃,,
600513,联环药业,2026-09-02,2026-09-02,1,活跃,,
600521,华海药业,2026-09-02,2026-09-02,1,活跃,,
600536,中国软件,2026-09-02,2026-09-02,1,一级活跃,,
600540,新赛股份,2026-09-03,2026-09-03,1,活跃,,
600547,山东黄金,2026-09-02,2026-09-02,1,进入30-40只研究池,,
600551,时代出版,2026-09-02,2026-09-02,1,活跃,,
600578,京能电力,2026-09-02,2026-09-02,1,活跃,,
600584,长电科技,2026-09-02,2026-09-02,1,活跃,,
600588,用友网络,2026-09-02,2026-09-02,1,活跃,,
600604,市北高新,2026-09-02,2026-09-02,1,一级活跃,,
600610,中毅达,2026-09-02,2026-09-02,1,活跃,,
600617,国新能源,2026-09-02,2026-09-02,1,一级活跃,,
600629,华建集团,2026-09-02,2026-09-02,1,活跃,,
600641,万业企业,2026-09-02,2026-09-02,1,活跃,,
600654,中安科,2026-09-02,2026-09-02,1,活跃,,
600657,信达地产,2026-09-03,2026-09-03,1,活跃,,
600663,陆家嘴,2026-09-02,2026-09-02,1,活跃,,
600664,哈药股份,2026-09-02,2026-09-03,2,一级活跃,,
600666,奥瑞德,2026-09-02,2026-09-02,1,活跃,,
600683,京投发展,2026-09-02,2026-09-02,1,活跃,,
600691,潞化科技,2026-09-02,2026-09-02,1,活跃,,
600693,东百集团,2026-09-02,2026-09-03,2,活跃,,
600698,湖南天雁,2026-09-02,2026-09-02,1,进入30-40只研究池,,
600712,南宁百货,2026-09-02,2026-09-02,1,一级活跃,,
600714,金瑞矿业,2026-09-02,2026-09-03,2,活跃,,
600721,百花医药,2026-09-02,2026-09-02,1,活跃,,
600722,金牛化工,2026-09-02,2026-09-03,2,活跃,,
600737,中粮糖业,2026-09-02,2026-09-02,1,一级活跃,,
600746,江苏索普,2026-09-02,2026-09-02,1,一级活跃,,
600756,浪潮软件,2026-09-02,2026-09-02,1,活跃,,
600785,新华百货,2026-09-02,2026-09-03,2,活跃,,
600801,华新水泥,2026-09-02,2026-09-02,1,进入30-40只研究池,,
600815,厦工股份,2026-09-02,2026-09-02,1,活跃,,
600828,茂业商业,2026-09-02,2026-09-03,2,活跃,,
600829,人民同泰,2026-09-02,2026-09-02,1,活跃,,
600830,香溢融通,2026-09-02,2026-09-03,2,活跃,,
600833,第一医药,2026-09-02,2026-09-02,1,活跃,,
600844,金煤科技,2026-09-02,2026-09-02,1,活跃,,
600857,宁波中百,2026-09-02,2026-09-02,1,一级活跃,,
600869,远东股份,2026-09-03,2026-09-03,1,活跃,,
600881,亚泰集团,2026-09-02,2026-09-02,1,活跃,,
600892,大晟文化,2026-09-02,2026-09-03,2,活跃,,
600962,国投中鲁,2026-09-02,2026-09-02,1,活跃,,
600967,内蒙一机,2026-09-02,2026-09-02,1,活跃,,
600969,郴电国际,2026-09-02,2026-09-02,1,一级活跃,,
600988,赤峰黄金,2026-09-02,2026-09-02,1,一级活跃,,
601002,晋亿实业,2026-09-02,2026-09-02,1,一级活跃,,
601003,柳钢股份,2026-09-02,2026-09-02,1,活跃,,
601011,宝泰隆,2026-09-02,2026-09-02,1,一级活跃,,
601015,陕西黑猫,2026-09-02,2026-09-02,1,一级活跃,,
601086,国芳集团,2026-09-02,2026-09-03,2,活跃,,
601118,海南橡胶,2026-09-02,2026-09-02,1,进入30-40只研究池,,
601138,工业富联,2026-09-02,2026-09-02,1,活跃,,
601179,中国西电,2026-09-02,2026-09-02,1,活跃,,
601208,东材科技,2026-09-02,2026-09-02,1,一级活跃,,
601212,白银有色,2026-09-02,2026-09-03,2,活跃,,
601233,桐昆股份,2026-09-02,2026-09-03,2,活跃,,
601566,九牧王,2026-09-02,2026-09-03,2,活跃,,
601579,会稽山,2026-09-02,2026-09-02,1,一级活跃,,
601609,金田股份,2026-09-02,2026-09-02,1,一级活跃,,
601700,风范股份,2026-09-02,2026-09-02,1,活跃,,
601869,长飞光纤,2026-09-02,2026-09-02,1,一级活跃,,
601886,江河集团,2026-09-02,2026-09-02,1,一级活跃,,
601899,紫金矿业,2026-09-02,2026-09-02,1,活跃,,
601958,金钼股份,2026-09-02,2026-09-02,1,活跃,,
603002,宏昌电子,2026-09-02,2026-09-02,1,活跃,,
603009,北特科技,2026-09-02,2026-09-02,1,一级活跃,,
603011,合锻智能,2026-09-02,2026-09-02,1,活跃,,
603016,新宏泰,2026-09-02,2026-09-02,1,活跃,,
603038,华立股份,2026-09-02,2026-09-02,1,一级活跃,,
603039,泛微网络,2026-09-02,2026-09-02,1,活跃,,
603052,可川科技,2026-09-02,2026-09-02,1,一级活跃,,
603061,金海通,2026-09-02,2026-09-02,1,活跃,,
603078,江化微,2026-09-02,2026-09-02,1,活跃,,
603079,圣达生物,2026-09-02,2026-09-02,1,活跃,,
603082,北自科技,2026-09-02,2026-09-02,1,一级活跃,,
603083,剑桥科技,2026-09-02,2026-09-02,1,活跃,,
603089,正裕工业,2026-09-02,2026-09-02,1,一级活跃,,
603090,宏盛股份,2026-09-03,2026-09-03,1,一级活跃,,
603093,南华期货,2026-09-02,2026-09-02,1,活跃,,
603095,越剑智能,2026-09-02,2026-09-02,1,活跃,,
603097,江苏华辰,2026-09-02,2026-09-02,1,活跃,,
603102,百合股份,2026-09-02,2026-09-02,1,活跃,,
603110,东方材料,2026-09-02,2026-09-02,1,活跃,,
603113,金能科技,2026-09-02,2026-09-02,1,活跃,,
603115,海星股份,2026-09-02,2026-09-02,1,活跃,,
603118,共进股份,2026-09-02,2026-09-02,1,一级活跃,,
603122,合富中国,2026-09-02,2026-09-02,1,活跃,,
603150,万朗磁塑,2026-09-03,2026-09-03,1,活跃,,
603151,邦基科技,2026-09-02,2026-09-02,1,活跃,,
603171,税友股份,2026-09-02,2026-09-02,1,活跃,,
603186,华正新材,2026-09-02,2026-09-02,1,活跃,,
603188,亚邦股份,2026-09-02,2026-09-02,1,进入30-40只研究池,,
603191,望变电气,2026-09-02,2026-09-02,1,活跃,,
603200,上海洗霸,2026-09-02,2026-09-02,1,一级活跃,,
603203,快克智能,2026-09-02,2026-09-02,1,活跃,,
603206,嘉环科技,2026-09-02,2026-09-02,1,活跃,,
603207,小方制药,2026-09-02,2026-09-02,1,活跃,,
603216,梦天家居,2026-09-02,2026-09-02,1,活跃,,
603217,元利科技,2026-09-02,2026-09-02,1,一级活跃,,
603221,爱丽家居,2026-09-02,2026-09-02,1,活跃,,
603228,景旺电子,2026-09-02,2026-09-02,1,活跃,,
603236,移远通信,2026-09-02,2026-09-02,1,活跃,,
603256,宏和科技,2026-09-02,2026-09-02,1,活跃,,
603259,药明康德,2026-09-02,2026-09-02,1,活跃,,
603261,立航科技,2026-09-02,2026-09-02,1,活跃,,
603268,松发股份,2026-09-02,2026-09-02,1,一级活跃,,
603269,海鸥股份,2026-09-03,2026-09-03,1,活跃,,
603270,金帝股份,2026-09-02,2026-09-03,2,一级活跃,,
603285,键邦股份,2026-09-02,2026-09-02,1,活跃,,
603297,永新光学,2026-09-02,2026-09-02,1,一级活跃,,
603306,华懋科技,2026-09-02,2026-09-02,1,一级活跃,,
603318,水发燃气,2026-09-02,2026-09-02,1,进入30-40只研究池,,
603330,天洋新材,2026-09-02,2026-09-03,2,进入30-40只研究池,,
603333,尚纬股份,2026-09-02,2026-09-02,1,进入30-40只研究池,,
603335,迪生力,2026-09-02,2026-09-02,1,活跃,,
603358,华达科技,2026-09-02,2026-09-02,1,活跃,,
603366,日出东方,2026-09-02,2026-09-02,1,一级活跃,,
603387,基蛋生物,2026-09-02,2026-09-02,1,一级活跃,,
603395,红四方,2026-09-02,2026-09-02,1,活跃,,
603396,金辰股份,2026-09-02,2026-09-02,1,一级活跃,,
603400,华之杰,2026-09-02,2026-09-02,1,进入30-40只研究池,,
603459,红板科技,2026-09-02,2026-09-02,1,活跃,,
603533,掌阅科技,2026-09-02,2026-09-02,1,活跃,,
603556,海兴电力,2026-09-02,2026-09-02,1,活跃,,
603559,中通国脉,2026-09-02,2026-09-03,2,活跃,,
603580,艾艾精工,2026-09-02,2026-09-02,1,活跃,,
603618,杭电股份,2026-09-02,2026-09-03,2,活跃,,
603626,科森科技,2026-09-02,2026-09-02,1,活跃,,
603629,利通电子,2026-09-02,2026-09-02,1,活跃,,
603637,镇海股份,2026-09-02,2026-09-02,1,一级活跃,,
603663,三祥新材,2026-09-02,2026-09-02,1,活跃,,
603679,华体科技,2026-09-02,2026-09-02,1,活跃,,
603682,锦和商管,2026-09-02,2026-09-02,1,活跃,,
603688,石英股份,2026-09-02,2026-09-02,1,活跃,,
603690,至纯科技,2026-09-02,2026-09-02,1,活跃,,
603696,安记食品,2026-09-02,2026-09-02,1,活跃,,
603716,塞力医疗,2026-09-02,2026-09-02,1,活跃,,
603721,中广天择,2026-09-02,2026-09-02,1,活跃,,
603725,天安新材,2026-09-02,2026-09-02,1,活跃,,
603738,泰晶科技,2026-09-02,2026-09-02,1,活跃,,
603757,大元泵业,2026-09-02,2026-09-03,2,活跃,,
603773,沃格光电,2026-09-02,2026-09-02,1,活跃,,
603778,国晟科技,2026-09-02,2026-09-02,1,一级活跃,,
603797,联泰环保,2026-09-02,2026-09-02,1,一级活跃,,
603800,洪田股份,2026-09-02,2026-09-02,1,活跃,,
603801,志邦家居,2026-09-02,2026-09-02,1,活跃,,
603848,好太太,2026-09-02,2026-09-02,1,一级活跃,,
603880,南卫股份,2026-09-02,2026-09-02,1,一级活跃,,
603890,春秋电子,2026-09-02,2026-09-02,1,一级活跃,,
603900,莱绅通灵,2026-09-02,2026-09-02,1,活跃,,
603912,佳力图,2026-09-02,2026-09-02,1,进入30-40只研究池,,
603931,格林达,2026-09-02,2026-09-02,1,活跃,,
603936,博敏电子,2026-09-02,2026-09-02,1,一级活跃,,
603938,三孚股份,2026-09-02,2026-09-02,1,活跃,,
603955,大千生态,2026-09-02,2026-09-02,1,一级活跃,,
603958,哈森股份,2026-09-02,2026-09-02,1,活跃,,
603978,深圳新星,2026-09-02,2026-09-03,2,活跃,,
603980,吉华集团,2026-09-02,2026-09-02,1,活跃,,
603989,艾华集团,2026-09-02,2026-09-03,2,活跃,,
603990,麦迪科技,2026-09-02,2026-09-02,1,活跃,,
603995,甬金股份,2026-09-02,2026-09-02,1,一级活跃,,
605006,山东玻纤,2026-09-02,2026-09-02,1,一级活跃,,
605060,联德股份,2026-09-02,2026-09-02,1,活跃,,
605068,明新旭腾,2026-09-02,2026-09-03,2,活跃,,
605118,力鼎光电,2026-09-02,2026-09-03,2,一级活跃,,
605162,新中港,2026-09-02,2026-09-02,1,一级活跃,,
605167,利柏特,2026-09-02,2026-09-02,1,活跃,,
605168,三人行,2026-09-02,2026-09-02,1,一级活跃,,
605178,时空科技,2026-09-02,2026-09-02,1,一级活跃,,
605179,一鸣食品,2026-09-02,2026-09-02,1,活跃,,
605188,国光连锁,2026-09-02,2026-09-03,2,活跃,,
605198,安德利,2026-09-02,2026-09-02,1,一级活跃,,
605288,凯迪股份,2026-09-02,2026-09-03,2,活跃,,
605289,罗曼股份,2026-09-02,2026-09-02,1,活跃,,
605388,均瑶健康,2026-09-02,2026-09-02,1,一级活跃,,
605488,福莱新材,2026-09-02,2026-09-02,1,活跃,,
605577,龙版传媒,2026-09-02,2026-09-03,2,活跃,,
605589,圣泉集团,2026-09-02,2026-09-02,1,活跃,,
688003,天准科技,2026-09-02,2026-09-02,1,活跃,,
688020,方邦股份,2026-09-02,2026-09-02,1,活跃,,
688111,金山办公,2026-09-02,2026-09-02,1,活跃,,
688112,鼎阳科技,2026-09-02,2026-09-02,1,一级活跃,,
688123,聚辰股份,2026-09-02,2026-09-02,1,活跃,,
688137,近岸蛋白,2026-09-02,2026-09-02,1,活跃,,
688143,长盈通,2026-09-02,2026-09-02,1,活跃,,
688146,中船特气,2026-09-02,2026-09-02,1,活跃,,
688152,麒麟信安,2026-09-02,2026-09-02,1,活跃,,
688158,优刻得-W,2026-09-02,2026-09-02,1,活跃,,
688167,炬光科技,2026-09-02,2026-09-02,1,一级活跃,,
688185,康希诺,2026-09-02,2026-09-02,1,活跃,,
688195,腾景科技,2026-09-02,2026-09-02,1,活跃,,
688209,英集芯,2026-09-03,2026-09-03,1,活跃,,
688234,天岳先进,2026-09-02,2026-09-02,1,活跃,,
688280,精进电动-W,2026-09-02,2026-09-02,1,活跃,,
688286,敏芯股份,2026-09-02,2026-09-02,1,一级活跃,,
688300,联瑞新材,2026-09-02,2026-09-02,1,活跃,,
688368,晶丰明源,2026-09-02,2026-09-02,1,活跃,,
688378,奥来德,2026-09-02,2026-09-02,1,活跃,,
688419,耐科装备,2026-09-02,2026-09-02,1,活跃,,
688432,有研硅,2026-09-02,2026-09-02,1,一级活跃,,
688433,华曙高科,2026-09-02,2026-09-02,1,活跃,,
688435,英方软件,2026-09-02,2026-09-02,1,活跃,,
688443,智翔金泰-U,2026-09-02,2026-09-02,1,活跃,,
688485,九州一轨,2026-09-02,2026-09-02,1,活跃,,
688498,源杰科技,2026-09-02,2026-09-02,1,活跃,,
688545,兴福电子,2026-09-02,2026-09-02,1,活跃,,
688596,正帆科技,2026-09-02,2026-09-02,1,活跃,,
688598,金博股份,2026-09-02,2026-09-02,1,活跃,,
688600,皖仪科技,2026-09-02,2026-09-02,1,活跃,,
688601,力芯微,2026-09-02,2026-09-02,1,活跃,,
688618,三旺通信,2026-09-02,2026-09-02,1,一级活跃,,
688625,呈和科技,2026-09-02,2026-09-02,1,活跃,,
688661,和林微纳,2026-09-02,2026-09-02,1,活跃,,
688662,富信科技,2026-09-02,2026-09-02,1,活跃,,
688669,聚石化学,2026-09-02,2026-09-02,1,活跃,,
688677,海泰新光,2026-09-02,2026-09-02,1,活跃,,
688790,昂瑞微-UW,2026-09-02,2026-09-02,1,活跃,,
688808,联讯仪器,2026-09-02,2026-09-02,1,进入30-40只研究池,,
920006,晟楠科技,2026-09-03,2026-09-03,1,活跃,,
920021,流金科技,2026-09-03,2026-09-03,1,活跃,,
920212,智新电子,2026-09-03,2026-09-03,1,活跃,,
920592,华信永道,2026-09-03,2026-09-03,1,活跃,,
920855,浙江大农,2026-09-03,2026-09-03,1,活跃,,
920895,花溪科技,2026-09-03,2026-09-03,1,活跃,,
