股票代码,股票名称,最新收盘,ret1,ret10,ret20,ret40,ret60,ret120,amp5,距20日高点,距250日高点,250日位置,MA20距离,MA30_5日斜率,MA60_10日斜率,MA120_20日斜率,距稳健5日上沿,整理成熟,中期趋势仍活,均线趋势辅助,稳健上沿核心区,稳健上沿宽区,适度重新加速,整理成熟贡献,40日趋势贡献,均线趋势辅助贡献,稳健上沿贡献,重新加速辅助贡献,阶段2分,阶段2通过,阶段2风险提示,阶段2规则说明,阶段排名,本阶段入选,决策说明
000670,盈方微,7.4,0.04225352112676073,0.0277777777777779,0.04519774011299438,0.10944527736131948,-0.2629482071713146,,0.11661807580174924,-0.07035175879396982,-0.2864030858244937,0.4406779661016951,0.04247376206240738,0.034071212796513706,-0.04573749503333191,,0.029207232267037586,True,True,True,True,True,True,3,3,1,4,1,12,True,,核心：整理成熟+40日趋势仍活+稳健5日上沿；2%-6%单日加速仅为中等证据,1,True,入选：按阶段2分排序第1名；本阶段上限30只
000887,中鼎股份,21.32,0.0319457889641821,0.020584011488750553,0.14377682403433467,0.24751316559391467,-0.022018348623853212,,0.09163745618427652,-0.10004221190375695,-0.10004221190375695,0.6865079365079365,0.014658290500666249,0.032226579520697074,0.001530669280843222,,-0.01751152073732709,True,True,True,True,True,True,3,3,1,4,1,12,True,,核心：整理成熟+40日趋势仍活+稳健5日上沿；2%-6%单日加速仅为中等证据,2,True,入选：按阶段2分排序第2名；本阶段上限30只
001210,金房能源,29.88,0.03678001387925045,0.10462107208872462,0.4372294372294372,0.5315222962583288,0.29127052722558333,,0.1549243821468093,-0.045672309166400527,-0.045672309166400527,0.9198430493273543,0.14544199953998294,0.08080435384189655,0.03846242375417175,,0.008777852802160702,True,True,True,True,True,True,3,3,1,4,1,12,True,,核心：整理成熟+40日趋势仍活+稳健5日上沿；2%-6%单日加速仅为中等证据,3,True,入选：按阶段2分排序第3名；本阶段上限30只
600547,山东黄金,37.89,0.027107617240444526,0.16548754229467866,0.3124350536889504,0.5528688524590164,0.4022945965951148,,0.14434523809523814,-0.014564369310793301,-0.20415879017013228,0.6156583629893239,0.1385387400652054,0.0648830266637912,0.04776865228577076,,-0.005250721974271566,True,True,True,True,True,True,3,3,1,4,1,12,True,,核心：整理成熟+40日趋势仍活+稳健5日上沿；2%-6%单日加速仅为中等证据,4,True,入选：按阶段2分排序第4名；本阶段上限30只
600698,湖南天雁,7.68,0.042062415196743475,0.1671732522796352,0.15488721804511263,0.34736842105263155,0.23076923076923062,,0.1195499296765119,-0.035175879396984966,-0.14666666666666672,0.628169014084507,0.08735664731700399,0.042905286454403724,0.014884205048139254,,0.026737967914438387,True,True,True,True,True,True,3,3,1,4,1,12,True,,核心：整理成熟+40日趋势仍活+稳健5日上沿；2%-6%单日加速仅为中等证据,5,True,入选：按阶段2分排序第5名；本阶段上限30只
603318,水发燃气,10.14,0.026315789473684292,0.1266666666666667,0.1291759465478841,0.29833546734955196,0.195754716981132,,0.08094262295081976,-0.03886255924170612,-0.3284768211920529,0.36246786632390754,0.07358390682901006,0.0324901630129284,0.01370090969602833,,-0.011695906432748426,True,True,True,True,True,True,3,3,1,4,1,12,True,,核心：整理成熟+40日趋势仍活+稳健5日上沿；2%-6%单日加速仅为中等证据,6,True,入选：按阶段2分排序第6名；本阶段上限30只
603330,天洋新材,11.49,0.025892857142857162,0.14101290963257207,0.5958333333333332,0.4525916561314791,0.34701055099648315,,0.16731517509727634,-0.11136890951276102,-0.11136890951276102,0.8059299191374664,0.1449925261584455,0.09372958850424573,0.062412698412698475,,-0.019624573378839605,True,True,True,True,True,True,3,3,1,4,1,12,True,,核心：整理成熟+40日趋势仍活+稳健5日上沿；2%-6%单日加速仅为中等证据,7,True,入选：按阶段2分排序第7名；本阶段上限30只
603333,尚纬股份,10.31,0.0248508946322068,0.18778801843317972,0.19190751445086707,0.30012610340479196,0.218676122931442,,0.05348133198789096,-0.04889298892988925,-0.04889298892988925,0.8531855955678672,0.08258518401848058,0.040760663686643106,0.02473323019556517,,0.0019436345966958868,True,True,True,True,True,True,3,3,1,4,1,12,True,,核心：整理成熟+40日趋势仍活+稳健5日上沿；2%-6%单日加速仅为中等证据,8,True,入选：按阶段2分排序第8名；本阶段上限30只
603400,华之杰,48.38,0.04945770065075927,0.027830890163586197,0.07582832999777644,0.2671555788370876,0.01638655462184868,,0.1256604640477831,-0.06566241792197758,-0.29761904761904756,0.4599578503688094,0.0527346512462874,0.042841518186119476,-0.01995731869974471,,0.017455310199789853,True,True,True,True,True,True,3,3,1,4,1,12,True,,核心：整理成熟+40日趋势仍活+稳健5日上沿；2%-6%单日加速仅为中等证据,9,True,入选：按阶段2分排序第9名；本阶段上限30只
000001,上证指数,11.91,-0.000838926174496657,0.056787932564330124,0.058666666666666645,0.1235849056603775,0.10482374768089064,,0.04442508710801392,-0.006672226855713115,-0.006672226855713115,0.96,0.042359530894451325,0.013159454653230762,0.01627266714859199,,0.011894647408666081,True,True,True,True,True,False,3,3,1,4,0,11,True,,核心：整理成熟+40日趋势仍活+稳健5日上沿；2%-6%单日加速仅为中等证据,10,True,入选：按阶段2分排序第10名；本阶段上限30只
000007,全新好,12.93,0.005443234836703059,0.17652411282984537,0.3539267015706804,0.15446428571428572,-0.01523229246001534,,0.06386418755052554,-0.01747720364741645,-0.27318718381112983,0.495850622406639,0.1095855144597957,0.05703508600786922,0.008403856928021813,,-0.0038520801232666546,True,True,True,True,True,False,3,3,1,4,0,11,True,,核心：整理成熟+40日趋势仍活+稳健5日上沿；2%-6%单日加速仅为中等证据,11,True,入选：按阶段2分排序第11名；本阶段上限30只
000526,学大教育,37.41,-0.018110236220472586,-0.042977743668457524,0.05380281690140842,0.4011235955056178,0.4284077892325313,,0.12048540884137537,-0.042977743668457524,-0.042977743668457524,0.8901242642249833,0.04549773629199039,0.035189841220149454,0.04323390982259734,,0.014370932754880439,True,True,True,True,True,False,3,3,1,4,0,11,True,,核心：整理成熟+40日趋势仍活+稳健5日上沿；2%-6%单日加速仅为中等证据,12,True,入选：按阶段2分排序第12名；本阶段上限30只
000720,新能泰山,3.9,0.0025706940874035134,0.07734806629834257,0.09243697478991608,0.19631901840490795,-0.16309012875536488,,0.044736842105263255,-0.04878048780487798,-0.4568245125348189,0.21531100478468898,0.022146507666098714,0.03278535400709903,-0.054475209272376035,,-0.012658227848101333,True,True,True,True,True,False,3,3,1,4,0,11,True,,核心：整理成熟+40日趋势仍活+稳健5日上沿；2%-6%单日加速仅为中等证据,13,True,入选：按阶段2分排序第13名；本阶段上限30只
000721,西安饮食,7.3,-0.03820816864295129,0.1248073959938365,0.11280487804878048,0.32969034608378855,0.19476268412438613,,0.12444444444444443,-0.03820816864295129,-0.14117647058823535,0.620253164556962,0.08212273940112658,0.03369258135398123,0.012647508741258973,,-0.00815217391304357,True,True,True,True,True,False,3,3,1,4,0,11,True,,核心：整理成熟+40日趋势仍活+稳健5日上沿；2%-6%单日加速仅为中等证据,14,True,入选：按阶段2分排序第14名；本阶段上限30只
000889,中嘉博创,4.07,0.0,0.09408602150537626,0.03826530612244916,0.3432343234323434,0.10899182561307907,,0.04846938775510214,-0.0915178571428572,-0.30899830220713065,0.40131578947368435,0.0185185185185186,0.021818816547390485,0.003776847469967093,,0.0,True,True,True,True,True,False,3,3,1,4,0,11,True,,核心：整理成熟+40日趋势仍活+稳健5日上沿；2%-6%单日加速仅为中等证据,15,True,入选：按阶段2分排序第15名；本阶段上限30只
002012,凯恩股份,7.35,0.009615384615384581,0.11702127659574457,0.14130434782608692,0.2068965517241379,-0.04296875,,0.07737226277372267,-0.004065040650406582,-0.23834196891191717,0.5137420718816067,0.08591268375563255,0.05118989271905461,-0.022278673948939454,,0.009615384615384581,True,True,True,True,True,False,3,3,1,4,0,11,True,,核心：整理成熟+40日趋势仍活+稳健5日上沿；2%-6%单日加速仅为中等证据,16,True,入选：按阶段2分排序第16名；本阶段上限30只
002037,保利联合,7.05,-0.0028288543140029265,0.053811659192825045,0.03372434017595305,0.1691542288557213,0.014388489208633004,,0.03498542274052468,-0.0832249674902471,-0.23202614379084963,0.39142857142857146,0.00541928123217339,0.02681126675704193,-0.008256349585923806,,0.0014204545454545858,True,True,True,True,True,False,3,3,1,4,0,11,True,,核心：整理成熟+40日趋势仍活+稳健5日上沿；2%-6%单日加速仅为中等证据,17,True,入选：按阶段2分排序第17名；本阶段上限30只
002734,利民股份,16.57,-0.0071899340922708666,0.12951601908657118,0.09300791556728227,0.02664188351920682,0.042138364779874316,,0.10858257477243172,-0.028152492668621742,-0.25326723749436686,0.4642516682554814,0.056760204081632626,0.031906811851101446,-0.010172896949188437,,0.01159951159951178,True,True,True,True,True,False,3,3,1,4,0,11,True,,核心：整理成熟+40日趋势仍活+稳健5日上沿；2%-6%单日加速仅为中等证据,24,True,入选：按阶段2分排序第24名；本阶段上限30只
002827,高争民爆,60.15,-0.026226323457989364,0.07410714285714293,0.34383378016085797,1.626637554585153,1.3063650306748467,,0.13878152033867108,-0.027957336780866204,-0.027957336780866204,0.9564012096774193,0.05595786701777494,0.13724924793865045,0.1549576901056302,,-0.013934426229508245,True,True,True,True,True,False,3,3,1,4,0,11,True,,核心：整理成熟+40日趋势仍活+稳健5日上沿；2%-6%单日加速仅为中等证据,25,True,入选：按阶段2分排序第25名；本阶段上限30只
002829,星网宇达,21.57,0.0,0.08994441637190498,0.039017341040462394,0.3380893300248138,-0.002773925104022079,,0.11960985626283359,-0.032735426008968616,-0.2212996389891696,0.4760683760683761,0.04846157585184474,0.00148741418764331,-0.028400672146481565,,0.027632205812291755,True,True,True,True,True,False,3,3,1,4,0,11,True,,核心：整理成熟+40日趋势仍活+稳健5日上沿；2%-6%单日加速仅为中等证据,26,True,入选：按阶段2分排序第26名；本阶段上限30只
002846,英联股份,10.96,-0.009041591320072317,0.07556427870461246,0.025257249766136747,0.09054726368159205,-0.06324786324786313,,0.05387523629489606,-0.01704035874439458,-0.38323016319639835,0.24417314095449513,0.023964123884710586,0.025633499657567782,-0.021925584963559674,,-0.009041591320072317,True,True,True,True,True,False,3,3,1,4,0,11,True,,核心：整理成熟+40日趋势仍活+稳健5日上沿；2%-6%单日加速仅为中等证据,27,True,入选：按阶段2分排序第27名；本阶段上限30只
002882,金龙羽,23.92,0.006310475389146086,0.15444015444015458,0.042720139494333065,0.35064935064935066,0.16342412451361876,,0.15247895229186165,-0.029220779220779147,-0.2323491655969191,0.5153949129852746,0.07653187515470639,0.04743127716996076,0.005103050288540967,,0.017872340425532096,True,True,True,True,True,False,3,3,1,4,0,11,True,,核心：整理成熟+40日趋势仍活+稳健5日上沿；2%-6%单日加速仅为中等证据,28,True,入选：按阶段2分排序第28名；本阶段上限30只
002973,侨银股份,12.78,0.01670644391408116,0.14413607878245305,0.2792792792792791,0.28830645161290325,-0.020689655172413945,,0.1016088060965283,-0.017678708685626487,-0.10816468946266578,0.7256637168141592,0.07843550905025087,0.04485714285714293,-0.009412832929782011,,-0.005447470817120603,True,True,True,True,True,False,3,3,1,4,0,11,True,,核心：整理成熟+40日趋势仍活+稳健5日上沿；2%-6%单日加速仅为中等证据,29,True,入选：按阶段2分排序第29名；本阶段上限30只
300134,大富科技,8.82,0.0034129692832765013,0.1322207958921695,0.060096153846153744,0.10387984981226528,-0.1428571428571428,,0.0722021660649819,-0.10728744939271262,-0.26377295492487485,0.37301587301587297,0.03327085285848175,0.024831910242131716,-0.03563973127870357,,0.0,True,True,True,True,True,False,3,3,1,4,0,11,True,,核心：整理成熟+40日趋势仍活+稳健5日上沿；2%-6%单日加速仅为中等证据,30,True,入选：按阶段2分排序第30名；本阶段上限30只
300515,三德科技,16.37,0.007384615384615545,0.049358974358974406,0.031505986137366104,0.2602001539645882,0.0741469816272966,,0.044331855604813133,-0.03364817001180642,-0.16265984654731458,0.5631868131868133,0.017149248167018794,0.0206379387698421,0.0061203787195671655,,0.005528255528255421,True,True,True,True,True,False,3,3,1,4,0,11,True,,核心：整理成熟+40日趋势仍活+稳健5日上沿；2%-6%单日加速仅为中等证据,31,True,入选：按阶段2分排序第31名；本阶段上限30只
600368,五洲交通,4.36,-0.0113378684807256,0.10659898477157359,0.11224489795918369,0.23163841807909602,0.17520215633423186,,0.04491725768321501,-0.013574660633484115,-0.013574660633484115,0.9482758620689659,0.06419331217964386,0.024410989197924726,0.019822405596914505,,-0.013574660633484115,True,True,True,True,True,False,3,3,1,4,0,11,True,,核心：整理成熟+40日趋势仍活+稳健5日上沿；2%-6%单日加速仅为中等证据,35,True,入选：按阶段2分排序第35名；本阶段上限30只
600617,国新能源,3.46,-0.005747126436781658,0.029761904761904878,0.01764705882352935,0.2720588235294117,0.09148264984227139,,0.06287425149700598,-0.03081232492997199,-0.25108225108225113,0.4449760765550239,0.007131421918206815,0.028156312625250424,-0.0027523421372994683,,-0.005747126436781658,True,True,True,True,True,False,3,3,1,4,0,11,True,,核心：整理成熟+40日趋势仍活+稳健5日上沿；2%-6%单日加速仅为中等证据,36,True,入选：按阶段2分排序第36名；本阶段上限30只
600712,南宁百货,5.7,-0.01724137931034475,0.07954545454545459,0.005291005291005346,0.19747899159663884,0.04395604395604402,,0.0893854748603351,-0.027303754266211677,-0.14027149321266963,0.6008583690987126,0.040905770635500494,0.03276667531793409,-0.010048296651648414,,0.0,True,True,True,True,True,False,3,3,1,4,0,11,True,,核心：整理成熟+40日趋势仍活+稳健5日上沿；2%-6%单日加速仅为中等证据,37,True,入选：按阶段2分排序第37名；本阶段上限30只
601609,金田股份,13.46,0.0,0.039382239382239614,0.29174664107485615,0.30426356589147296,0.09967320261437917,,0.1035031847133757,-0.028860028860028808,-0.06397774687065372,0.8318098720292505,0.11313264968574277,0.0575568587297155,0.011248272962095296,,-0.01319648093841641,True,True,True,True,True,False,3,3,1,4,0,11,True,,核心：整理成熟+40日趋势仍活+稳健5日上沿；2%-6%单日加速仅为中等证据,41,True,入选：按阶段2分排序第41名；本阶段上限30只
603217,元利科技,30.34,-0.007848266841072538,0.17233384853168476,0.34426229508196715,0.4600577478344561,0.31114952463267076,,0.09417199715707174,-0.014615134784020767,-0.07499999999999996,0.8472998137802609,0.12370370370370365,0.08859282454248718,0.02450951467768081,,-0.00426649163111259,True,True,True,True,True,False,3,3,1,4,0,11,True,,核心：整理成熟+40日趋势仍活+稳健5日上沿；2%-6%单日加速仅为中等证据,43,True,入选：按阶段2分排序第43名；本阶段上限30只
002229,鸿博股份,12.09,-0.004938271604938316,0.0680212014134276,0.09809264305177123,0.24510813594232728,-0.17135023989033582,,0.13486238532110081,-0.14859154929577456,-0.40089197224975226,0.3037865748709122,0.02954951886230095,0.04098891941109284,-0.037169739870080765,,-0.016273393002440906,True,True,True,True,True,False,3,3,1,4,0,11,True,,核心：整理成熟+40日趋势仍活+稳健5日上沿；2%-6%单日加速仅为中等证据,18,False,未入选：满足基础条件，但排名第18名，超出30只上限
002322,理工能科,12.89,-0.0007751937984495916,0.06177924217462927,0.20354808590102702,0.31262729124236244,0.19906976744186045,,0.10504201680672269,-0.08646350106307576,-0.1508563899868247,0.6031195840554594,0.0783452545279626,0.03901493351104102,0.01668895005898552,,0.01098039215686275,True,True,True,True,True,False,3,3,1,4,0,11,True,,核心：整理成熟+40日趋势仍活+稳健5日上沿；2%-6%单日加速仅为中等证据,19,False,未入选：满足基础条件，但排名第19名，超出30只上限
002329,皇氏集团,4.0,-0.01477832512315258,0.04986876640419946,0.21580547112462,0.21580547112462,0.19047619047619047,,0.06770833333333329,-0.15074309978768574,-0.1869918699186992,0.6101694915254238,0.029601029601029616,0.03521858181474835,-0.006147944127483762,,-0.0024937655860348684,True,True,True,True,True,False,3,3,1,4,0,11,True,,核心：整理成熟+40日趋势仍活+稳健5日上沿；2%-6%单日加速仅为中等证据,20,False,未入选：满足基础条件，但排名第20名，超出30只上限
002474,榕基软件,6.56,-0.0060606060606061,0.07364975450081812,0.01863354037267073,0.1651865008880995,-0.06017191977077374,,0.07305194805194808,-0.10382513661202197,-0.24423963133640558,0.36526946107784425,0.0176064531140927,0.021010666953992008,-0.01864950064902393,,0.01705426356589146,True,True,True,True,True,False,3,3,1,4,0,11,True,,核心：整理成熟+40日趋势仍活+稳健5日上沿；2%-6%单日加速仅为中等证据,21,False,未入选：满足基础条件，但排名第21名，超出30只上限
002476,宝莫股份,5.11,0.0019607843137257053,0.06680584551148239,0.1330376940133038,0.1330376940133038,-0.017307692307692246,,0.03607214428857709,-0.013513513513513375,-0.2040498442367601,0.45643153526970975,0.05003596013562106,0.030693722071643226,-0.007279186402897708,,-0.011605415860734936,True,True,True,True,True,False,3,3,1,4,0,11,True,,核心：整理成熟+40日趋势仍活+稳健5日上沿；2%-6%单日加速仅为中等证据,22,False,未入选：满足基础条件，但排名第22名，超出30只上限
002580,圣阳股份,21.92,0.014814814814814836,0.12699228791773787,0.07503678273663561,0.23146067415730331,0.027179006560450025,,0.09653827401267659,-0.05598621877691634,-0.39829810595662907,0.39288702928870306,0.048753648150806184,0.05328387595809003,-0.020274112595498495,,-0.005895691609977272,True,True,True,True,True,False,3,3,1,4,0,11,True,,核心：整理成熟+40日趋势仍活+稳健5日上沿；2%-6%单日加速仅为中等证据,23,False,未入选：满足基础条件，但排名第23名，超出30只上限
300805,电声股份,8.56,-0.020594965675057142,0.09323116219667948,0.013017751479290185,0.19220055710306427,0.03883495145631066,,0.1001251564455568,-0.026166097838452584,-0.27824620573355807,0.3306288032454363,0.03625688517644221,0.00016321201240421246,-0.006861027694360922,,0.008244994110718551,True,True,True,True,True,False,3,3,1,4,0,11,True,,核心：整理成熟+40日趋势仍活+稳健5日上沿；2%-6%单日加速仅为中等证据,32,False,未入选：满足基础条件，但排名第32名，超出30只上限
301129,瑞纳智能,23.74,-0.013300083125519557,-0.021434460016488188,0.12779097387173377,0.19778002018163465,-0.04003234937323097,,0.05217391304347823,-0.10279667422524574,-0.19986518368722628,0.5202265372168283,0.017007239857773193,0.03930969857879085,-0.015117249753358153,,-0.0190082644628099,True,True,True,True,True,False,3,3,1,4,0,11,True,,核心：整理成熟+40日趋势仍活+稳健5日上沿；2%-6%单日加速仅为中等证据,33,False,未入选：满足基础条件，但排名第33名，超出30只上限
301282,金禄电子,36.15,-0.011755057408419867,-0.04009559214020175,0.5883128295254831,0.3524130190796857,0.12267080745341596,,0.1411909146715777,-0.13928571428571435,-0.13928571428571435,0.7654370489174017,0.1255195603779753,0.0984485046442789,0.03385129720524893,,-0.0192620727075421,True,True,True,True,True,False,3,3,1,4,0,11,True,,核心：整理成熟+40日趋势仍活+稳健5日上沿；2%-6%单日加速仅为中等证据,34,False,未入选：满足基础条件，但排名第34名，超出30只上限
600746,江苏索普,7.33,-0.013458950201884257,0.1156773211567732,0.1156773211567732,0.3961904761904762,0.24448217317487275,,0.12352941176470586,-0.04057591623036649,-0.31877323420074344,0.4013961605584642,0.07905196525835412,0.022699386503067576,0.01738582849633108,,0.012430939226519389,True,True,True,True,True,False,3,3,1,4,0,11,True,,核心：整理成熟+40日趋势仍活+稳健5日上沿；2%-6%单日加速仅为中等证据,38,False,未入选：满足基础条件，但排名第38名，超出30只上限
601002,晋亿实业,5.53,-0.003603603603603567,0.059386973180076685,0.03171641791044766,0.274193548387097,0.11491935483870974,,0.08429118773946367,-0.0229681978798586,-0.17708333333333326,0.5351562500000001,0.03335513407455859,0.023711272679635575,0.00944655508779113,,-0.019503546099290725,True,True,True,True,True,False,3,3,1,4,0,11,True,,核心：整理成熟+40日趋势仍活+稳健5日上沿；2%-6%单日加速仅为中等证据,39,False,未入选：满足基础条件，但排名第39名，超出30只上限
601579,会稽山,20.9,0.009661835748792313,0.13156469951272332,0.342324983943481,0.4295485636114911,0.31612090680100735,,0.15937500000000013,-0.06109613656783486,-0.06109613656783486,0.8398115429917546,0.13797234019383642,0.057326799663748096,0.03952210842138193,,-0.004287756074321081,True,True,True,True,True,False,3,3,1,4,0,11,True,,核心：整理成熟+40日趋势仍活+稳健5日上沿；2%-6%单日加速仅为中等证据,40,False,未入选：满足基础条件，但排名第40名，超出30只上限
603082,北自科技,44.82,-0.017105263157894735,0.12896725440806045,0.2179347826086957,0.22861842105263164,0.25405707890318974,,0.1786160379715213,-0.050021195421788844,-0.11475409836065575,0.7424645390070921,0.07388017682364367,0.052626950978236886,0.03038610414802867,,0.0,True,True,True,True,True,False,3,3,1,4,0,11,True,,核心：整理成熟+40日趋势仍活+稳健5日上沿；2%-6%单日加速仅为中等证据,42,False,未入选：满足基础条件，但排名第42名，超出30只上限
603366,日出东方,7.84,0.015544041450777257,0.02752293577981657,0.13623188405797104,0.21174652241112835,0.1280575539568345,,0.13725490196078424,-0.03448275862068961,-0.2911392405063291,0.3388090349075974,0.08534643870699798,0.026919532424698023,0.0022577199456204067,,-0.003811944091486663,True,True,True,True,True,False,3,3,1,4,0,11,True,,核心：整理成熟+40日趋势仍活+稳健5日上沿；2%-6%单日加速仅为中等证据,44,False,未入选：满足基础条件，但排名第44名，超出30只上限
603797,联泰环保,4.88,0.002053388090349051,-0.004081632653061273,0.20493827160493838,0.2642487046632125,0.16467780429594248,,0.07343412526997838,-0.05609284332688591,-0.06513409961685823,0.7875000000000001,0.030405405405405483,0.03930707682746859,0.018345658059562675,,-0.004081632653061273,True,True,True,True,True,False,3,3,1,4,0,11,True,,核心：整理成熟+40日趋势仍活+稳健5日上沿；2%-6%单日加速仅为中等证据,45,False,未入选：满足基础条件，但排名第45名，超出30只上限
603880,南卫股份,9.76,0.01455301455301461,0.15502958579881665,0.3207036535859269,0.3207036535859269,0.24173027989821882,,0.15867579908675805,-0.03842364532019715,-0.03842364532019715,0.9195876288659792,0.1314630187804311,0.0774442928603909,0.024127170767004325,,-0.017119838872104776,True,True,True,True,True,False,3,3,1,4,0,11,True,,核心：整理成熟+40日趋势仍活+稳健5日上沿；2%-6%单日加速仅为中等证据,46,False,未入选：满足基础条件，但排名第46名，超出30只上限
603995,甬金股份,25.3,-0.0019723865877712132,-0.036557501904036616,0.12594570538495775,0.1130664320281567,0.314968814968815,,0.0609705516383243,-0.09545942080800851,-0.09545942080800851,0.7800658978583197,0.013195570773512966,0.03891754105163314,0.0447164453994322,,-0.0031520882584711307,True,True,True,True,True,False,3,3,1,4,0,11,True,,核心：整理成熟+40日趋势仍活+稳健5日上沿；2%-6%单日加速仅为中等证据,47,False,未入选：满足基础条件，但排名第47名，超出30只上限
605168,三人行,48.86,-0.0014306151645206988,0.07219662058371723,0.2410464820929643,0.07408221587162012,0.06240487062404876,,0.10299003322259133,-0.01887550200803212,-0.23870364599563731,0.5491465567981165,0.07260852862082223,0.04817746181763849,-0.0072683492374922,,0.004316546762589857,True,True,True,True,True,False,3,3,1,4,0,11,True,,核心：整理成熟+40日趋势仍活+稳健5日上沿；2%-6%单日加速仅为中等证据,48,False,未入选：满足基础条件，但排名第48名，超出30只上限
000977,浪潮信息,85.69,0.0010514018691589744,0.17592973788939203,0.10997409326424856,0.0962005884610464,0.4411368987554658,,0.1699425056825778,-0.020685714285714307,-0.11082287018781789,0.7397660818713448,0.09920981066242507,-0.004534007184526678,0.03518878081548871,,0.005987320967363097,True,True,False,True,True,False,3,3,0,4,0,10,True,,核心：整理成熟+40日趋势仍活+稳健5日上沿；2%-6%单日加速仅为中等证据,49,False,未入选：满足基础条件，但排名第49名，超出30只上限
603955,大千生态,20.76,0.02115100836202677,0.10956707642971675,0.012189176011701663,0.07732226258432817,-0.12955974842767293,,0.10332480818414319,-0.06105834464043414,-0.27589815137774676,0.35004108463434686,0.03037522334723053,0.023288784384238648,-0.03055553308362513,,-0.037552155771905404,True,True,True,False,True,True,3,3,1,2,1,10,True,,核心：整理成熟+40日趋势仍活+稳健5日上沿；2%-6%单日加速仅为中等证据,50,False,未入选：满足基础条件，但排名第50名，超出30只上限
000048,京基智农,22.93,-0.013763440860215082,0.021380846325167013,0.08313651393481325,0.04942791762013732,0.41455891425046265,,0.09830818472793774,-0.07837620578778137,-0.13078089461713416,0.7526881720430108,0.012049256300481037,0.026765512925431834,0.07196147989349111,,-0.026326963906581735,True,True,True,False,True,False,3,3,1,2,0,9,True,,核心：整理成熟+40日趋势仍活+稳健5日上沿；2%-6%单日加速仅为中等证据,51,False,未入选：满足基础条件，但排名第51名，超出30只上限
000723,美锦能源,3.84,-0.03759398496240607,-0.01285347043701801,0.07563025210084029,0.15315315315315314,-0.07021791767554475,,0.07832898172323755,-0.07021791767554475,-0.323943661971831,0.2610441767068273,0.031149301825993403,0.021004904228740573,-0.02137080377716527,,-0.040000000000000036,True,True,True,False,True,False,3,3,1,2,0,9,True,,核心：整理成熟+40日趋势仍活+稳健5日上沿；2%-6%单日加速仅为中等证据,52,False,未入选：满足基础条件，但排名第52名，超出30只上限
000735,罗 牛 山,5.67,-0.03898305084745768,-0.03407155025553665,0.08206106870229002,0.16427104722792607,0.11614173228346458,,0.11131386861313858,-0.12364760432766608,-0.26932989690721654,0.31475409836065577,0.024575352367184555,0.025585813806206614,0.009131237250266988,,-0.03898305084745768,True,True,True,False,True,False,3,3,1,2,0,9,True,,核心：整理成熟+40日趋势仍活+稳健5日上沿；2%-6%单日加速仅为中等证据,53,False,未入选：满足基础条件，但排名第53名，超出30只上限
000737,北方铜业,14.93,-0.0292587776332901,0.07875722543352603,0.037526059763724806,0.18869426751592355,0.1537867078825348,,0.09003436426116829,-0.05863808322824715,-0.08517156862745101,0.7116182572614107,0.023759728460245988,0.031655234263276544,0.0140897156170261,,-0.04843849585723392,True,True,True,False,True,False,3,3,1,2,0,9,True,,核心：整理成熟+40日趋势仍活+稳健5日上沿；2%-6%单日加速仅为中等证据,54,False,未入选：满足基础条件，但排名第54名，超出30只上限
001277,速达股份,31.77,-0.0209553158705702,-0.03639672429481344,0.14527757750540737,0.17449168207024024,0.027158098933074637,,0.09606404269513005,-0.20375939849624058,-0.22738326848249024,0.4199751861042184,0.022200772200772212,0.030014132474573074,0.0049780008209943105,,-0.03317102860620813,True,True,True,False,True,False,3,3,1,2,0,9,True,,核心：整理成熟+40日趋势仍活+稳健5日上沿；2%-6%单日加速仅为中等证据,55,False,未入选：满足基础条件，但排名第55名，超出30只上限
002107,沃华医药,7.07,-0.04070556309362272,0.13665594855305474,0.17052980132450335,0.17833333333333345,0.2003395585738541,,0.1606299212598426,-0.04070556309362272,-0.15024038461538458,0.576271186440678,0.09774085862898851,0.023959921585711363,0.012422018852886962,,-0.022130013831258677,True,True,True,False,True,False,3,3,1,2,0,9,True,,核心：整理成熟+40日趋势仍活+稳健5日上沿；2%-6%单日加速仅为中等证据,56,False,未入选：满足基础条件，但排名第56名，超出30只上限
002365,永安药业,15.24,-0.03544303797468362,0.063503140265178,0.19529411764705884,0.4696239151398265,0.3766937669376693,,0.11533149171270705,-0.11033274956217154,-0.11033274956217154,0.7414500683994529,0.0407703339479617,0.034356616738346,0.05597871232066676,,-0.03053435114503822,True,True,True,False,True,False,3,3,1,2,0,9,True,,核心：整理成熟+40日趋势仍活+稳健5日上沿；2%-6%单日加速仅为中等证据,57,False,未入选：满足基础条件，但排名第57名，超出30只上限
002548,金新农,4.29,-0.02941176470588236,0.02877697841726623,0.07788944723618085,0.10567010309278357,0.06451612903225801,,0.07729468599033824,-0.03811659192825112,-0.3568215892053973,0.25856697819314645,0.02828379674017234,0.010687655343827762,0.005736057611790413,,-0.03160270880361171,True,True,True,False,True,False,3,3,1,2,0,9,True,,核心：整理成熟+40日趋势仍活+稳健5日上沿；2%-6%单日加速仅为中等证据,58,False,未入选：满足基础条件，但排名第58名，超出30只上限
002589,瑞康医药,3.34,-0.04571428571428571,0.043749999999999956,0.2057761732851986,0.28957528957528966,0.22344322344322332,,0.11392405063291135,-0.14358974358974363,-0.1544303797468355,0.6114649681528661,0.009978832778953617,0.032821306221682,0.025644069808856473,,-0.04571428571428571,True,True,True,False,True,False,3,3,1,2,0,9,True,,核心：整理成熟+40日趋势仍活+稳健5日上沿；2%-6%单日加速仅为中等证据,59,False,未入选：满足基础条件，但排名第59名，超出30只上限
002655,共达电声,37.62,-0.015440984035592908,0.09392265193370153,0.389730328777244,0.007498660953401126,0.036363636363636376,,0.10487804878048793,-0.07726269315673306,-0.28641881638846745,0.5866411168902271,0.07393662574935767,0.05861257424632971,-0.0033307992017487242,,-0.047594936708860835,True,True,True,False,True,False,3,3,1,2,0,9,True,,核心：整理成熟+40日趋势仍活+稳健5日上沿；2%-6%单日加速仅为中等证据,60,False,未入选：满足基础条件，但排名第60名，超出30只上限
002687,乔治白,6.29,-0.02329192546583858,0.014516129032257963,0.2605210420841684,0.18903591682419663,0.49052132701421813,,0.08250825082508251,-0.058383233532934065,-0.058383233532934065,0.8544776119402986,0.02526487367563157,0.03664953129724813,0.06835156041611112,,-0.041158536585365835,True,True,True,False,True,False,3,3,1,2,0,9,True,,核心：整理成熟+40日趋势仍活+稳健5日上沿；2%-6%单日加速仅为中等证据,61,False,未入选：满足基础条件，但排名第61名，超出30只上限
002702,海欣食品,5.18,-0.026315789473684292,0.05714285714285694,0.07468879668049788,0.17727272727272703,0.013698630136986134,,0.0942622950819672,-0.029962546816479474,-0.1645161290322581,0.5486725663716813,0.03393213572854292,0.03307131223001236,-0.009622088969460152,,-0.026315789473684292,True,True,True,False,True,False,3,3,1,2,0,9,True,,核心：整理成熟+40日趋势仍活+稳健5日上沿；2%-6%单日加速仅为中等证据,62,False,未入选：满足基础条件，但排名第62名，超出30只上限
002913,奥士康,61.56,-0.006776379477250627,0.07116756568644522,0.2846410684474123,0.1463687150837989,0.18270893371757935,,0.13874160480735256,-0.04454446686326252,-0.12878573450325492,0.7408145827399603,0.0615165754192355,0.0597601061453632,0.019513086685934766,,-0.03601628562480419,True,True,True,False,True,False,3,3,1,2,0,9,True,,核心：整理成熟+40日趋势仍活+稳健5日上沿；2%-6%单日加速仅为中等证据,63,False,未入选：满足基础条件，但排名第63名，超出30只上限
300017,网宿科技,16.15,-0.01464307504575968,0.03725112395632624,0.08389261744966436,0.10768175582990391,0.134129213483146,,0.11610738255033548,-0.07661520869068039,-0.1937094358462308,0.5245098039215684,0.03728443431067152,0.019819861009509943,0.009378102189780968,,-0.02769416014449133,True,True,True,False,True,False,3,3,1,2,0,9,True,,核心：整理成熟+40日趋势仍活+稳健5日上沿；2%-6%单日加速仅为中等证据,64,False,未入选：满足基础条件，但排名第64名，超出30只上限
300169,天晟新材,5.83,-0.021812080536912748,0.05615942028985521,0.05234657039711199,0.25376344086021496,0.06581352833638032,,0.1343012704174229,-0.06720000000000004,-0.18232819074333795,0.5681063122923589,0.029126213592232997,0.04178591871780202,0.003069169385843118,,-0.02833333333333332,True,True,True,False,True,False,3,3,1,2,0,9,True,,核心：整理成熟+40日趋势仍活+稳健5日上沿；2%-6%单日加速仅为中等证据,65,False,未入选：满足基础条件，但排名第65名，超出30只上限
300386,飞天诚信,12.64,-0.01634241245136181,0.09153713298791022,0.20725883476599805,0.23558162267839688,0.22243713733075432,,0.16965046888320548,-0.07871720116618075,-0.2278558338423946,0.4904371584699453,0.059069962295768885,0.04484582315281593,0.021344850789477787,,-0.03805175038051756,True,True,True,False,True,False,3,3,1,2,0,9,True,,核心：整理成熟+40日趋势仍活+稳健5日上沿；2%-6%单日加速仅为中等证据,66,False,未入选：满足基础条件，但排名第66名，超出30只上限
300538,同益股份,15.38,-0.017252396166134165,0.019893899204244114,0.1128798842257599,0.0363881401617252,-0.1526170798898071,,0.12240802675585297,-0.08343265792610255,-0.1964472309299895,0.5340768277571252,0.006412773197225441,0.04334542677105224,-0.01958697498414319,,-0.03754693366708384,True,True,True,False,True,False,3,3,1,2,0,9,True,,核心：整理成熟+40日趋势仍活+稳健5日上沿；2%-6%单日加速仅为中等证据,67,False,未入选：满足基础条件，但排名第67名，超出30只上限
300598,诚迈科技,34.03,-0.023809523809523725,-0.04275668073136418,0.08826351135273436,0.2428780131482835,0.025617842073538233,,0.1447920025798129,-0.08791208791208793,-0.18763428025781803,0.5019011406844107,0.06385306760453302,0.0330940721361328,0.001712758657241853,,-0.03323863636363644,True,True,True,False,True,False,3,3,1,2,0,9,True,,核心：整理成熟+40日趋势仍活+稳健5日上沿；2%-6%单日加速仅为中等证据,68,False,未入选：满足基础条件，但排名第68名，超出30只上限
300897,山科智能,16.57,0.013455657492354778,0.07597402597402603,0.06628056628056633,0.16937191249117856,-0.03886310904872381,,0.09166666666666677,-0.061721404303510696,-0.25960679177837354,0.4615384615384616,0.016813942071674193,0.03905992846327688,-0.026991957104557707,,-0.02701115678214916,True,True,True,False,True,False,3,3,1,2,0,9,True,,核心：整理成熟+40日趋势仍活+稳健5日上沿；2%-6%单日加速仅为中等证据,69,False,未入选：满足基础条件，但排名第69名，超出30只上限
600186,莲花控股,11.86,0.019776440240756532,0.021533161068044704,0.2379958246346554,0.08907254361799799,0.02772963604852685,,0.12443233424159864,-0.11360239162929753,-0.25549278091650973,0.593,0.03734802763928968,0.04840912876894876,0.018047592393688694,,-0.024671052631578982,True,True,True,False,True,False,3,3,1,2,0,9,True,,核心：整理成熟+40日趋势仍活+稳健5日上沿；2%-6%单日加速仅为中等证据,70,False,未入选：满足基础条件，但排名第70名，超出30只上限
600326,西藏天路,7.62,0.0,0.04240766073871427,0.11403508771929838,0.20760697305863718,0.05103448275862066,,0.08187919463087252,-0.08851674641148322,-0.30727272727272725,0.3171717171717172,0.016271005601493638,0.033169708811895404,-0.007063090579364273,,-0.04630788485607007,True,True,True,False,True,False,3,3,1,2,0,9,True,,核心：整理成熟+40日趋势仍活+稳健5日上沿；2%-6%单日加速仅为中等证据,71,False,未入选：满足基础条件，但排名第71名，超出30只上限
600379,宝光股份,15.14,0.04993065187239942,0.0484764542936289,0.20158730158730176,-0.004602235371466201,0.2440427280197206,,0.11563636363636362,-0.05845771144278589,-0.2703614457831325,0.5138648180242634,0.04641116909147458,0.0473310068502002,0.01927586293840311,,0.017473118279569988,True,False,True,True,True,True,3,0,1,4,1,9,False,40日趋势偏弱,核心：整理成熟+40日趋势仍活+稳健5日上沿；2%-6%单日加速仅为中等证据,72,False,未入选：未满足二级结构筛选最低资格条件
600536,中国软件,34.09,-0.006122448979591688,-0.016445470282746455,0.016701461377870652,0.22449712643678166,-0.04563269876819698,,0.08841843088418443,-0.08335574079053498,-0.21990846681922194,0.4306872037914693,0.02950502823664425,0.0015459251650173922,-0.015482842843676847,,-0.02152698048220436,True,True,True,False,True,False,3,3,1,2,0,9,True,,核心：整理成熟+40日趋势仍活+稳健5日上沿；2%-6%单日加速仅为中等证据,73,False,未入选：满足基础条件，但排名第73名，超出30只上限
600664,哈药股份,9.24,-0.026343519494204437,0.01986754966887405,0.36484490398818337,1.9902912621359223,1.9806451612903224,,0.15693430656934296,-0.028391167192428957,-0.028391167192428957,0.9595202398800601,0.08654750705550329,0.086386937535599,0.19508301404853157,,-0.027368421052631597,True,True,True,False,True,False,3,3,1,2,0,9,True,,核心：整理成熟+40日趋势仍活+稳健5日上沿；2%-6%单日加速仅为中等证据,74,False,未入选：满足基础条件，但排名第74名，超出30只上限
600857,宁波中百,19.77,-0.047687861271676346,0.002535496957403627,0.15075669383003487,0.03076120959332629,0.384453781512605,,0.09128205128205134,-0.07313642756680727,-0.18440594059405935,0.6603343465045594,0.002535496957403627,0.017964071856287234,0.04523447883045395,,-0.04538870111057469,True,True,True,False,True,False,3,3,1,2,0,9,True,,核心：整理成熟+40日趋势仍活+稳健5日上沿；2%-6%单日加速仅为中等证据,75,False,未入选：满足基础条件，但排名第75名，超出30只上限
601118,海南橡胶,6.5,-0.007633587786259555,0.15248226950354615,0.2241054613935971,0.3374485596707819,0.12651646447140386,,0.11290322580645164,-0.05797101449275366,-0.2379835873388042,0.4860759493670887,0.0957518543492919,0.05763670647391561,-0.0015797298971625962,,-0.04692082111436957,True,True,True,False,True,False,3,3,1,2,0,9,True,,核心：整理成熟+40日趋势仍活+稳健5日上沿；2%-6%单日加速仅为中等证据,76,False,未入选：满足基础条件，但排名第76名，超出30只上限
603038,华立股份,17.49,-0.0005714285714286671,0.07300613496932495,0.2984409799554564,0.15445544554455437,0.1104761904761904,,0.10897049969897667,-0.050488599348534335,-0.050488599348534335,0.8708333333333329,0.07096932214806184,0.05055680329402956,0.015124927828282342,,-0.028333333333333433,True,True,True,False,True,False,3,3,1,2,0,9,True,,核心：整理成熟+40日趋势仍活+稳健5日上沿；2%-6%单日加速仅为中等证据,77,False,未入选：满足基础条件，但排名第77名，超出30只上限
603089,正裕工业,10.3,-0.01056676272814594,-0.030131826741996104,0.1935110081112399,0.2515188335358445,0.04040404040404044,,0.11008230452674882,-0.1271186440677966,-0.2261457550713749,0.4625000000000001,0.03258145363408538,0.04059380410358404,0.0006435598050935631,,-0.04541241890639469,True,True,True,False,True,False,3,3,1,2,0,9,True,,核心：整理成熟+40日趋势仍活+稳健5日上沿；2%-6%单日加速仅为中等证据,78,False,未入选：满足基础条件，但排名第78名，超出30只上限
603188,亚邦股份,4.85,-0.04339250493096658,0.04978354978354971,0.20947630922693272,0.2663185378590076,0.13053613053613033,,0.11157894736842111,-0.08143939393939403,-0.1415929203539824,0.6475770925110129,0.03466666666666662,0.046028738354650045,0.01342335503975045,,-0.047151277013752546,True,True,True,False,True,False,3,3,1,2,0,9,True,,核心：整理成熟+40日趋势仍活+稳健5日上沿；2%-6%单日加速仅为中等证据,79,False,未入选：满足基础条件，但排名第79名，超出30只上限
603387,基蛋生物,9.39,-0.013655462184873901,0.015135135135135203,0.05505617977528088,0.15356265356265353,0.1664596273291925,,0.06413043478260869,-0.053427419354838634,-0.16235504014272972,0.5260416666666666,0.0034195340884803915,0.009815454745974339,0.017972260207071766,,-0.04085801838610814,True,True,True,False,True,False,3,3,1,2,0,9,True,,核心：整理成熟+40日趋势仍活+稳健5日上沿；2%-6%单日加速仅为中等证据,80,False,未入选：满足基础条件，但排名第80名，超出30只上限
605198,安德利,66.08,-0.02031134173461835,0.06203792992606871,0.07604624653965164,0.0762214983713354,0.08702089159401205,,0.09647058823529421,-0.07308177865058219,-0.2301060235348945,0.6096837944664032,0.006120771034440864,0.04701197453658268,0.024474400871459467,,-0.04481063891298076,True,True,True,False,True,False,3,3,1,2,0,9,True,,核心：整理成熟+40日趋势仍活+稳健5日上沿；2%-6%单日加速仅为中等证据,81,False,未入选：满足基础条件，但排名第81名，超出30只上限
605388,均瑶健康,6.14,-0.02694136291600635,0.03367003367003352,0.028475711892797406,0.2581967213114753,0.12454212454212454,,0.053067993366500726,-0.09838472834067546,-0.32527472527472523,0.33928571428571425,0.0009781545484186527,0.03539410874374194,0.007332050224544195,,-0.025396825396825418,True,True,True,False,True,False,3,3,1,2,0,9,True,,核心：整理成熟+40日趋势仍活+稳健5日上沿；2%-6%单日加速仅为中等证据,82,False,未入选：满足基础条件，但排名第82名，超出30只上限
688618,三旺通信,30.4,-0.015544041450777257,0.03789689313758959,0.07306741969643493,0.08571428571428563,-0.07062060531947423,,0.09621993127147756,-0.10771940123275614,-0.36929460580912865,0.3407407407407407,0.007990981133326525,0.03784744858649902,-0.020656297841183724,,-0.03645007923930277,True,True,True,False,True,False,3,3,1,2,0,9,True,,核心：整理成熟+40日趋势仍活+稳健5日上沿；2%-6%单日加速仅为中等证据,83,False,未入选：满足基础条件，但排名第83名，超出30只上限
688808,联讯仪器,2399.8,0.00033347228011670893,0.08049454755022478,0.1543049543049544,0.12508731874036005,0.04377250822039369,,0.15504587155963304,-0.046942017474185804,-0.1360695809948267,0.8190474822623734,0.06059039148769929,0.04391193285488382,0.027912132180698768,,-0.022882736156351724,True,True,True,False,True,False,3,3,1,2,0,9,True,,核心：整理成熟+40日趋势仍活+稳健5日上沿；2%-6%单日加速仅为中等证据,84,False,未入选：满足基础条件，但排名第84名，超出30只上限
000062,深圳华强,24.64,0.009422367882015559,0.1099099099099099,0.05887408680704764,-0.27229769639692847,-0.23502018006830172,,0.13378684807256233,-0.014399999999999968,-0.3859955145776227,0.20929045431342524,0.06083437378912482,0.009207206409632018,-0.05226611051169083,,-0.005248284214775856,True,False,True,True,True,False,3,0,1,4,0,8,False,40日趋势偏弱,核心：整理成熟+40日趋势仍活+稳健5日上沿；2%-6%单日加速仅为中等证据,85,False,未入选：未满足二级结构筛选最低资格条件
000506,招金黄金,21.08,0.0503238664673642,0.14814814814814814,0.34955185659411003,0.5707898658718329,0.566121842496285,,0.17802430005282627,-0.06518847006651896,-0.06518847006651896,0.8746803069053707,0.07919930374238482,0.09413108964371064,0.07888742779317148,,-0.05173189383715704,True,True,True,False,False,True,3,3,1,0,1,8,True,,核心：整理成熟+40日趋势仍活+稳健5日上沿；2%-6%单日加速仅为中等证据,86,False,未入选：满足基础条件，但排名第86名，超出30只上限
600172,黄河旋风,14.75,0.007513661202185773,0.02288488210818307,0.31461675579322623,-0.1614553723706651,0.14785992217898847,,0.1595358955765048,-0.07754846779237023,-0.2584213172448466,0.5841423948220065,0.09898297507730125,0.04060405484328511,0.0033963091006474766,,-0.012056262558606812,True,False,True,True,True,False,3,0,1,4,0,8,False,40日趋势偏弱,核心：整理成熟+40日趋势仍活+稳健5日上沿；2%-6%单日加速仅为中等证据,87,False,未入选：未满足二级结构筛选最低资格条件
600500,中化国际,5.59,0.0,0.06883365200764802,0.12474849094567397,-0.12519561815336466,-0.060504201680672276,,0.10266159695817492,-0.0444444444444444,-0.4324873096446701,0.25524475524475526,0.035472816523108186,0.019918485406257957,-0.006106582734780486,,-0.017574692442882345,True,False,True,True,True,False,3,0,1,4,0,8,False,40日趋势偏弱,核心：整理成熟+40日趋势仍活+稳健5日上沿；2%-6%单日加速仅为中等证据,88,False,未入选：未满足二级结构筛选最低资格条件
603848,好太太,13.88,-0.012802275960170695,-0.05320600272851295,0.03427719821162456,-0.023223082336382816,0.003615328994938549,,0.04444444444444442,-0.05320600272851295,-0.22846025569760964,0.29259896729776275,0.021940804005301073,0.01250031566453691,-0.007967447980117948,,-0.011396011396011319,True,False,True,True,True,False,3,0,1,4,0,8,False,40日趋势偏弱,核心：整理成熟+40日趋势仍活+稳健5日上沿；2%-6%单日加速仅为中等证据,89,False,未入选：未满足二级结构筛选最低资格条件
605006,山东玻纤,15.96,0.0999310820124053,0.12315270935960587,0.15234657039711208,-0.0031230480949406836,-0.16657963446475188,,0.1624180626365623,-0.03855421686746996,-0.39499620924943135,0.4324618736383443,0.08715643200163492,0.019222903885480536,-0.03511496026541161,,0.027027027027027195,True,False,True,True,True,False,3,0,1,4,0,8,False,40日趋势偏弱,核心：整理成熟+40日趋势仍活+稳健5日上沿；2%-6%单日加速仅为中等证据,90,False,未入选：未满足二级结构筛选最低资格条件
000020,深华发Ａ,12.63,-0.03218390804597704,-0.08078602620087327,0.1565934065934067,0.2167630057803469,0.053377814845704696,,0.08903020667726544,-0.08078602620087327,-0.5077942322681215,0.2107813446396124,0.04367227203239277,0.04530891065167486,0.0034697919614004036,,-0.06305637982195844,True,True,True,False,False,False,3,3,1,0,0,7,True,,核心：整理成熟+40日趋势仍活+稳健5日上沿；2%-6%单日加速仅为中等证据,91,False,未入选：满足基础条件，但排名第91名，超出30只上限
000428,华天酒店,4.44,-0.03267973856209139,0.12690355329949243,0.08292682926829298,0.43225806451612914,0.3097345132743363,,0.1307339449541283,-0.09939148073022297,-0.09939148073022297,0.7487179487179491,0.03243808859434938,0.062365406150400426,0.03838826443132026,,-0.0652631578947368,True,True,True,False,False,False,3,3,1,0,0,7,True,,核心：整理成熟+40日趋势仍活+稳健5日上沿；2%-6%单日加速仅为中等证据,92,False,未入选：满足基础条件，但排名第92名，超出30只上限
000523,红棉股份,3.36,-0.028901734104046284,0.04672897196261672,0.1586206896551725,0.2775665399239544,0.13898305084745743,,0.12037037037037027,-0.07438016528925617,-0.10638297872340419,0.6825396825396826,0.0639645345155162,0.03874119518291286,0.01367301624401085,,-0.0561797752808989,True,True,True,False,False,False,3,3,1,0,0,7,True,,核心：整理成熟+40日趋势仍活+稳健5日上沿；2%-6%单日加速仅为中等证据,93,False,未入选：满足基础条件，但排名第93名，超出30只上限
001337,四川黄金,52.93,-0.012131392310563593,0.11478517270429656,0.22324936445574295,0.4209395973154362,0.2837739510065487,,0.12,-0.10364098221845885,-0.12815022236863782,0.7320013778849466,0.05065703283179168,0.07449784269697335,0.0200511774819081,,-0.054821428571428577,True,True,True,False,False,False,3,3,1,0,0,7,True,,核心：整理成熟+40日趋势仍活+稳健5日上沿；2%-6%单日加速仅为中等证据,94,False,未入选：满足基础条件，但排名第94名，超出30只上限
002041,登海种业,10.87,-0.0850168350168351,0.09797979797979783,0.24370709382151023,0.3403205918618988,0.3304773561811505,,0.11864406779661033,-0.0850168350168351,-0.11192810457516345,0.6948775055679285,0.09908998988877649,0.05189273279502182,0.042445818011110026,,-0.0850168350168351,True,True,True,False,False,False,3,3,1,0,0,7,True,距离短周期稳健上沿较远,核心：整理成熟+40日趋势仍活+稳健5日上沿；2%-6%单日加速仅为中等证据,95,False,未入选：满足基础条件，但排名第95名，超出30只上限
002172,澳洋健康,4.51,-0.048523206751054926,0.11633663366336622,0.38769230769230756,0.560553633217993,0.4182389937106916,,0.17391304347826103,-0.11220472440944884,-0.11220472440944884,0.7574468085106382,0.06922712185870061,0.06805414863247061,0.06306074043518617,,-0.07201646090534986,True,True,True,False,False,False,3,3,1,0,0,7,True,,核心：整理成熟+40日趋势仍活+稳健5日上沿；2%-6%单日加速仅为中等证据,96,False,未入选：满足基础条件，但排名第96名，超出30只上限
002277,友阿股份,6.15,-0.01757188498402551,0.11211573236889705,0.05670103092783507,0.054888507718696466,-0.08482142857142849,,0.077175697865353,-0.08345752608047685,-0.1865079365079364,0.4699248120300753,0.02329450915141451,0.02401632177207791,-0.014647137150465728,,-0.06249999999999989,True,True,True,False,False,False,3,3,1,0,0,7,True,,核心：整理成熟+40日趋势仍活+稳健5日上沿；2%-6%单日加速仅为中等证据,97,False,未入选：满足基础条件，但排名第97名，超出30只上限
002686,亿利达,6.79,-0.01736613603473225,0.11861614497528827,0.13735343383584597,0.24587155963302743,0.1076672104404568,,0.08433734939759044,-0.09466666666666668,-0.1954976303317535,0.5325779036827196,0.0465474722564736,0.041783668426373266,0.011313002719750331,,-0.056944444444444464,True,True,True,False,False,False,3,3,1,0,0,7,True,,核心：整理成熟+40日趋势仍活+稳健5日上沿；2%-6%单日加速仅为中等证据,98,False,未入选：满足基础条件，但排名第98名，超出30只上限
002880,卫光生物,21.74,-0.031625835189309615,0.09246231155778895,0.038204393505252954,0.040191387559808556,-0.043975373790677175,,0.1080074487895717,-0.12374042724707779,-0.30786373766316466,0.24688473520249207,0.015105175915765656,0.01373590773616673,-0.016092258129780768,,-0.08655462184873963,True,True,True,False,False,False,3,3,1,0,0,7,True,距离短周期稳健上沿较远,核心：整理成熟+40日趋势仍活+稳健5日上沿；2%-6%单日加速仅为中等证据,99,False,未入选：满足基础条件，但排名第99名，超出30只上限
002902,铭普光磁,26.04,-0.023255813953488413,0.0787075393537695,0.10198899703766395,0.04243394715772619,-0.2177831180534695,,0.15666118421052627,-0.07429790259509417,-0.3948408087380897,0.3076609616951915,0.03263671332831031,0.03153185244289913,-0.04571077175361293,,-0.05992779783393498,True,True,True,False,False,False,3,3,1,0,0,7,True,,核心：整理成熟+40日趋势仍活+稳健5日上沿；2%-6%单日加速仅为中等证据,100,False,未入选：满足基础条件，但排名第100名，超出30只上限
002953,日丰股份,11.07,0.010036496350364965,-0.05626598465473143,0.14006179196704416,0.268041237113402,0.12729124236252543,,0.11028037383177584,-0.07750000000000001,-0.1701649175412293,0.5432595573440645,0.04884172627789085,0.037779127032314674,0.013141841252134911,,-0.05060034305317318,True,True,True,False,False,False,3,3,1,0,0,7,True,,核心：整理成熟+40日趋势仍活+稳健5日上沿；2%-6%单日加速仅为中等证据,101,False,未入选：满足基础条件，但排名第101名，超出30只上限
300139,晓程科技,51.5,0.0035074045206546778,0.10325621251071126,0.15186759114292103,0.3759016831418649,0.2734915924826904,,0.1698190789473684,-0.1653160453808752,-0.2675295121604324,0.5043478260869565,0.012503932054104938,0.06500644635950326,0.041736429594040336,,-0.09490333919156413,True,True,True,False,False,False,3,3,1,0,0,7,True,距离短周期稳健上沿较远,核心：整理成熟+40日趋势仍活+稳健5日上沿；2%-6%单日加速仅为中等证据,102,False,未入选：满足基础条件，但排名第102名，超出30只上限
300929,华骐环保,16.78,-0.06725958866036674,0.10540184453227952,0.21330441070137396,0.2741078208048595,0.45913043478260884,,0.12422360248447203,-0.07903402854006569,-0.07903402854006569,0.8213399503722086,0.05584395154947308,0.044703351034608874,0.06096363119394099,,-0.07087486157253586,True,True,True,False,False,False,3,3,1,0,0,7,True,,核心：整理成熟+40日趋势仍活+稳健5日上沿；2%-6%单日加速仅为中等证据,103,False,未入选：满足基础条件，但排名第103名，超出30只上限
300981,中红医疗,15.95,-0.011771995043370564,0.11149825783972123,0.022435897435897356,0.6046277665995976,0.43306379155435737,,0.147628590514362,-0.07159487776484286,-0.10443571027512633,0.7837209302325582,0.03726344540547566,0.06921760391198051,0.0456537874438081,,-0.061764705882352944,True,True,True,False,False,False,3,3,1,0,0,7,True,,核心：整理成熟+40日趋势仍活+稳健5日上沿；2%-6%单日加速仅为中等证据,104,False,未入选：满足基础条件，但排名第104名，超出30只上限
301177,迪阿股份,24.83,-0.015854141894570017,0.13430790315212415,0.06841652323580028,0.10453736654804269,-0.011937922801432577,,0.15864978902953594,-0.1357466063348417,-0.23834355828220866,0.38284352660841914,0.02975635044064262,0.03181891531092762,0.0022036898031141394,,-0.09577567370721063,True,True,True,False,False,False,3,3,1,0,0,7,True,距离短周期稳健上沿较远,核心：整理成熟+40日趋势仍活+稳健5日上沿；2%-6%单日加速仅为中等证据,105,False,未入选：满足基础条件，但排名第105名，超出30只上限
301190,善水科技,19.59,-0.052249637155297624,0.017662337662337713,0.07637362637362632,0.28290766208251483,-0.019028542814221283,,0.11456713322965272,-0.10137614678899087,-0.24856156501726123,0.44944774851316904,0.0007151614221494462,0.032001593740944356,-0.008085533525495125,,-0.08883720930232564,True,True,True,False,False,False,3,3,1,0,0,7,True,距离短周期稳健上沿较远,核心：整理成熟+40日趋势仍活+稳健5日上沿；2%-6%单日加速仅为中等证据,106,False,未入选：满足基础条件，但排名第106名，超出30只上限
301449,天溯计量,44.82,-0.008407079646017723,0.09504031272904956,0.15545243619489568,0.25125628140703515,0.08287025851654994,,0.1202122750346099,-0.07682801235839332,-0.3907842870735353,0.34104973641989456,0.05722507902061613,0.057887476165789487,0.0045075938938277105,,-0.06390977443609025,True,True,True,False,False,False,3,3,1,0,0,7,True,,核心：整理成熟+40日趋势仍活+稳健5日上沿；2%-6%单日加速仅为中等证据,107,False,未入选：满足基础条件，但排名第107名，超出30只上限
600313,农发种业,7.13,-0.09746835443037982,0.0,0.2641843971631206,0.3871595330739299,0.21880341880341891,,0.14492753623188406,-0.09746835443037982,-0.27096114519427394,0.4456066945606695,0.08672458466697153,0.05711864406779643,0.029776601998824148,,-0.09287531806615779,True,True,True,False,False,False,3,3,1,0,0,7,True,距离短周期稳健上沿较远,核心：整理成熟+40日趋势仍活+稳健5日上沿；2%-6%单日加速仅为中等证据,108,False,未入选：满足基础条件，但排名第108名，超出30只上限
600330,天通股份,26.46,-0.01927353595255743,-0.007129455909943627,0.3445121951219512,0.09746992948983824,-0.10183299389002032,,0.15602294455066928,-0.12471055243135953,-0.29194541075729186,0.5127288968289416,0.011023441529908418,0.06614697646257484,-0.0210545964803871,,-0.09445585215605745,True,True,True,False,False,False,3,3,1,0,0,7,True,距离短周期稳健上沿较远,核心：整理成熟+40日趋势仍活+稳健5日上沿；2%-6%单日加速仅为中等证据,109,False,未入选：满足基础条件，但排名第109名，超出30只上限
600409,三友化工,7.03,-0.03830369357045138,0.04148148148148145,0.07328244274809159,0.2311733800350264,0.16777408637873759,,0.09221902017291062,-0.07255936675461738,-0.2568710359408034,0.3955223880597014,0.01736613603473236,0.03785022924095771,0.020417841241404666,,-0.06266666666666665,True,True,True,False,False,False,3,3,1,0,0,7,True,,核心：整理成熟+40日趋势仍活+稳健5日上沿；2%-6%单日加速仅为中等证据,110,False,未入选：满足基础条件，但排名第110名，超出30只上限
600604,市北高新,4.8,-0.016393442622950838,0.08108108108108092,0.048034934497816595,0.21212121212121215,0.12676056338028174,,0.09978768577494687,-0.10280373831775702,-0.19191919191919204,0.44390243902439,0.013406523804497139,0.02481979638849663,0.01721257333799575,,-0.05882352941176472,True,True,True,False,False,False,3,3,1,0,0,7,True,,核心：整理成熟+40日趋势仍活+稳健5日上沿；2%-6%单日加速仅为中等证据,111,False,未入选：满足基础条件，但排名第111名，超出30只上限
600737,中粮糖业,15.05,-0.009216589861751112,0.00803750837240469,0.1603700848111025,0.3449508489722968,0.14797864225781865,,0.12627986348122863,-0.08787878787878789,-0.08787878787878789,0.7904624277456649,0.04914604391774158,0.04785965272256276,0.02258999758395741,,-0.06113537117903933,True,True,True,False,False,False,3,3,1,0,0,7,True,,核心：整理成熟+40日趋势仍活+稳健5日上沿；2%-6%单日加速仅为中等证据,112,False,未入选：满足基础条件，但排名第112名，超出30只上限
600969,郴电国际,9.73,-0.05442176870748283,0.1353558926487748,0.1822600243013366,0.32561307901907366,0.01778242677824271,,0.1465517241379312,-0.08552631578947367,-0.21150729335494323,0.5047438330170778,0.07722114586216433,0.03579612801264309,-0.028193612774450982,,-0.0742150333016175,True,True,True,False,False,False,3,3,1,0,0,7,True,,核心：整理成熟+40日趋势仍活+稳健5日上沿；2%-6%单日加速仅为中等证据,113,False,未入选：满足基础条件，但排名第113名，超出30只上限
600988,赤峰黄金,45.77,-0.004999999999999893,0.07139513108614248,0.12071498530852098,0.46136653895274593,0.5583929179434799,,0.13414354505847287,-0.11963839199846127,-0.11963839199846127,0.769544275657651,0.03172724711186259,0.052699633638910504,0.07253407140447021,,-0.071602434077079,True,True,True,False,False,False,3,3,1,0,0,7,True,,核心：整理成熟+40日趋势仍活+稳健5日上沿；2%-6%单日加速仅为中等证据,114,False,未入选：满足基础条件，但排名第114名，超出30只上限
601011,宝泰隆,2.99,-0.03858520900321538,-0.016447368421052544,0.15000000000000013,0.15444015444015458,-0.026058631921824005,,0.1379310344827586,-0.10479041916167653,-0.24874371859296474,0.39634146341463433,0.0403618649965205,0.03819661865998758,0.0003064476587397724,,-0.05678233438485791,True,True,True,False,False,False,3,3,1,0,0,7,True,,核心：整理成熟+40日趋势仍活+稳健5日上沿；2%-6%单日加速仅为中等证据,115,False,未入选：满足基础条件，但排名第115名，超出30只上限
601015,陕西黑猫,3.71,-0.04381443298969068,0.0,0.11077844311377238,0.2793103448275862,0.019230769230769162,,0.13445378151260504,-0.08395061728395059,-0.36904761904761907,0.2885245901639344,0.03747203579418357,0.035482906408850656,-0.0059719621438332204,,-0.055979643765903364,True,True,True,False,False,False,3,3,1,0,0,7,True,,核心：整理成熟+40日趋势仍活+稳健5日上沿；2%-6%单日加速仅为中等证据,116,False,未入选：满足基础条件，但排名第116名，超出30只上限
601886,江河集团,13.03,-0.03552923760177651,0.024371069182389737,0.5548926014319806,0.6452020202020201,0.4891428571428571,,0.10850897736143628,-0.0823943661971831,-0.0823943661971831,0.8321377331420373,0.0891461528816817,0.0864160300227852,0.083744863723753,,-0.06928571428571428,True,True,True,False,False,False,3,3,1,0,0,7,True,,核心：整理成熟+40日趋势仍活+稳健5日上沿；2%-6%单日加速仅为中等证据,117,False,未入选：满足基础条件，但排名第117名，超出30只上限
603118,共进股份,17.62,-0.016192071468453362,0.029807130333138643,0.2236111111111112,0.22022160664819945,0.40063593004769493,,0.08342989571263022,-0.14382896015549063,-0.14382896015549063,0.7004048582995954,0.044674354489669055,0.035068470027219245,0.05530437687141365,,-0.05674518201284795,True,True,True,False,False,False,3,3,1,0,0,7,True,,核心：整理成熟+40日趋势仍活+稳健5日上沿；2%-6%单日加速仅为中等证据,118,False,未入选：满足基础条件，但排名第118名，超出30只上限
603200,上海洗霸,41.62,-0.028024287716020613,0.18609290396124223,0.09009952854897851,0.0680010264305877,-0.10243692042268704,,0.14559292904493004,-0.1080154307758251,-0.4436572650715146,0.24499545040946305,0.06577212142939426,0.044311311117859686,-0.03066689561562741,,-0.07716186252771629,True,True,True,False,False,False,3,3,1,0,0,7,True,,核心：整理成熟+40日趋势仍活+稳健5日上沿；2%-6%单日加速仅为中等证据,119,False,未入选：满足基础条件，但排名第119名，超出30只上限
603268,松发股份,183.55,0.000381512971441067,0.02256267409470758,0.06178052872100426,0.09405734040650882,0.1900285269709543,,0.09392265193370165,-0.07297979797979792,-0.07297979797979792,0.8376039559451564,0.007210430430869774,0.035889102792442173,0.04981838846502051,,-0.05862139706636571,True,True,True,False,False,False,3,3,1,0,0,7,True,,核心：整理成熟+40日趋势仍活+稳健5日上沿；2%-6%单日加速仅为中等证据,120,False,未入选：满足基础条件，但排名第120名，超出30只上限
603270,金帝股份,31.77,0.10006925207756234,0.15108695652173898,0.2567246835443038,0.10967516590988469,0.028821243523316165,,0.15906603429405325,0.0,-0.12599724896836317,0.6756373937677053,0.11811079045540929,0.022850400294352813,-0.0007232231055082083,,0.0502479338842976,True,True,True,False,False,False,3,3,1,0,0,7,True,,核心：整理成熟+40日趋势仍活+稳健5日上沿；2%-6%单日加速仅为中等证据,121,False,未入选：满足基础条件，但排名第121名，超出30只上限
603396,金辰股份,29.61,-0.024060646011865527,0.16666666666666674,0.20512820512820507,0.21551724137931028,0.01058020477815691,,0.17377049180327866,-0.08100558659217871,-0.27798098024871976,0.4251134644478064,0.09555082786051261,0.05365104393214426,-0.01633216765495915,,-0.07178683385579931,True,True,True,False,False,False,3,3,1,0,0,7,True,,核心：整理成熟+40日趋势仍活+稳健5日上沿；2%-6%单日加速仅为中等证据,122,False,未入选：满足基础条件，但排名第122名，超出30只上限
603637,镇海股份,14.72,-0.024519549370443983,0.1517996870109548,0.14552529182879392,0.10179640718562877,-0.1853901494189264,,0.10805230557467324,-0.08571428571428574,-0.3321234119782214,0.39554087530966153,0.05519713261648751,0.04825401895028225,-0.052913991156931184,,-0.05701473414477887,True,True,True,False,False,False,3,3,1,0,0,7,True,,核心：整理成熟+40日趋势仍活+稳健5日上沿；2%-6%单日加速仅为中等证据,123,False,未入选：满足基础条件，但排名第123名，超出30只上限
605162,新中港,10.2,-0.06593406593406603,0.11597374179431053,0.1901983663943989,0.39917695473251014,-0.01449275362318847,,0.14715025906735751,-0.07859078590785917,-0.32806324110671936,0.4154929577464788,0.08326253186066257,0.05921943294782017,-0.018732402459346154,,-0.05642923219241458,True,True,True,False,False,False,3,3,1,0,0,7,True,,核心：整理成熟+40日趋势仍活+稳健5日上沿；2%-6%单日加速仅为中等证据,124,False,未入选：满足基础条件，但排名第124名，超出30只上限
688167,炬光科技,278.97,-0.021192238868811497,0.04522292993630583,0.33894888408927293,0.06477099236641237,-0.08375209380234505,,0.1443494423791821,-0.09375304551213315,-0.34341461118433436,0.4583488009503305,0.060948338809784675,0.04703839610222049,-0.01668927044301638,,-0.07930693069306927,True,True,True,False,False,False,3,3,1,0,0,7,True,,核心：整理成熟+40日趋势仍活+稳健5日上沿；2%-6%单日加速仅为中等证据,125,False,未入选：满足基础条件，但排名第125名，超出30只上限
688432,有研硅,45.22,-0.016742770167427756,0.10292682926829255,0.5496915695681974,0.07181796634273518,1.2090864680019542,,0.16000956708921305,-0.11176586132390487,-0.2560052648897664,0.6728343145500421,0.09702696473841899,0.009904465785712357,0.13385255834943255,,-0.0575239683201334,True,True,True,False,False,False,3,3,1,0,0,7,True,,核心：整理成熟+40日趋势仍活+稳健5日上沿；2%-6%单日加速仅为中等证据,126,False,未入选：满足基础条件，但排名第126名，超出30只上限
000520,凤凰航运,4.19,-0.009456264775413725,0.04488778054862852,0.06345177664974622,-0.04772727272727273,-0.04555808656036431,,0.1259079903147701,-0.09892473118279566,-0.16199999999999992,0.5263157894736844,0.017360689571445986,0.022854715378080037,0.008780970441522262,,-0.025581395348837077,True,False,True,False,True,False,3,0,1,2,0,6,False,40日趋势偏弱,核心：整理成熟+40日趋势仍活+稳健5日上沿；2%-6%单日加速仅为中等证据,127,False,未入选：未满足二级结构筛选最低资格条件
002915,中欣氟材,18.53,-0.021130480718436262,0.07669959325973275,0.09321533923303837,-0.00856072766185123,-0.08584114454859393,,0.17459361830222772,-0.05023065094823165,-0.2707595434868162,0.37053979871912174,0.03818248032047511,0.02281443991933907,-0.018281502947042894,,-0.03338549817423064,True,False,True,False,True,False,3,0,1,2,0,6,False,40日趋势偏弱,核心：整理成熟+40日趋势仍活+稳健5日上沿；2%-6%单日加速仅为中等证据,128,False,未入选：未满足二级结构筛选最低资格条件
301123,奕东电子,76.83,-0.0025963910164871207,0.07109995817649506,0.17297709923664129,-0.19168858495528673,-0.2540776699029126,,0.12210029170718165,-0.07232552523545033,-0.421330119755969,0.33317439504112517,0.022784001277980526,0.005006110191043689,-0.03492424622625201,,-0.04701066732820647,True,False,True,False,True,False,3,0,1,2,0,6,False,40日趋势偏弱,核心：整理成熟+40日趋势仍活+稳健5日上沿；2%-6%单日加速仅为中等证据,129,False,未入选：未满足二级结构筛选最低资格条件
600198,大唐电信,7.75,-0.027603513174404015,0.05298913043478248,0.06896551724137923,-0.043209876543209846,-0.17023554603854385,,0.09234828496042206,-0.06400966183574874,-0.275023386342376,0.3033175355450238,0.0161935356978955,0.02170913439425992,-0.015107721952319353,,-0.04084158415841588,True,False,True,False,True,False,3,0,1,2,0,6,False,40日趋势偏弱,核心：整理成熟+40日趋势仍活+稳健5日上沿；2%-6%单日加速仅为中等证据,130,False,未入选：未满足二级结构筛选最低资格条件
601869,长飞光纤,407.8,0.019423543234257545,0.18216604823747695,0.30646504773499084,-0.004540350534589677,-0.15731614076416012,,0.1417223650385604,-0.08180037376443827,-0.3197778185518173,0.5085367104183758,0.09542235408359123,0.015500521675545942,-0.009215270035560552,,-0.04456211049154202,True,False,True,False,True,False,3,0,1,2,0,6,False,40日趋势偏弱,核心：整理成熟+40日趋势仍活+稳健5日上沿；2%-6%单日加速仅为中等证据,131,False,未入选：未满足二级结构筛选最低资格条件
603009,北特科技,46.19,-0.014928556195350828,0.06797687861271662,0.14190358467243502,-0.009860664523044016,-0.03970893970893974,,0.08990286875988246,-0.07620000000000005,-0.235771012574454,0.4398584905660377,0.018859600749972394,0.0167667863920824,-0.015094311660114768,,-0.04269430051813472,True,False,True,False,True,False,3,0,1,2,0,6,False,40日趋势偏弱,核心：整理成熟+40日趋势仍活+稳健5日上沿；2%-6%单日加速仅为中等证据,132,False,未入选：未满足二级结构筛选最低资格条件
603297,永新光学,111.38,-0.020576855434400354,0.08769531249999996,0.08961064370964578,-0.07614465826144667,-0.05897262588712404,,0.160890609874153,-0.07121414276184124,-0.2714070779093348,0.37580863547465004,0.045669409616440726,0.026684931138910795,-0.02546310901127591,,-0.03866735715518732,True,False,True,False,True,False,3,0,1,2,0,6,False,40日趋势偏弱,核心：整理成熟+40日趋势仍活+稳健5日上沿；2%-6%单日加速仅为中等证据,133,False,未入选：未满足二级结构筛选最低资格条件
603778,国晟科技,10.75,0.10030706243602872,0.13157894736842102,0.010338345864661536,-0.015567765567765512,-0.46223111555777885,,0.16720955483170455,-0.0444444444444444,-0.6863145608403852,0.11943092474728566,0.05963528831936915,0.020825418753237734,-0.11204055101049237,,0.04775828460038989,True,False,True,False,True,False,3,0,1,2,0,6,False,40日趋势偏弱,核心：整理成熟+40日趋势仍活+稳健5日上沿；2%-6%单日加速仅为中等证据,134,False,未入选：未满足二级结构筛选最低资格条件
603890,春秋电子,19.62,0.050883770755222324,0.0727173318753418,0.07154560349535788,-0.08998144712430411,-0.22235434007134358,,0.15682870370370353,-0.12488849241748445,-0.3929455445544554,0.3556570268899037,0.03461913676272821,-0.01113656387665185,-0.06351484967224508,,0.03426462836056943,True,False,False,False,True,True,3,0,0,2,1,6,False,40日趋势偏弱,核心：整理成熟+40日趋势仍活+稳健5日上沿；2%-6%单日加速仅为中等证据,135,False,未入选：未满足二级结构筛选最低资格条件
605118,力鼎光电,34.44,0.09996806132226133,0.18717683557393983,0.18840579710144922,-0.06183601198583499,0.04808277541083372,,0.1794520547945205,0.0,-0.30339805825242716,0.3512110726643598,0.15438761145002355,0.017194957070385986,-0.02475846359280509,,0.04936014625228502,True,False,True,False,True,False,3,0,1,2,0,6,False,40日趋势偏弱,核心：整理成熟+40日趋势仍活+稳健5日上沿；2%-6%单日加速仅为中等证据,136,False,未入选：未满足二级结构筛选最低资格条件
001696,宗申动力,16.2,0.051948051948051965,0.06719367588932812,0.04314230521571161,-0.08988764044943831,-0.06789413118527043,,0.10735989196488846,-0.09949972206781543,-0.3706293706293706,0.21610517666392765,0.029748283752860205,0.0021690562436282868,0.002563643389664305,,0.05263157894736836,True,False,True,False,False,True,3,0,1,0,1,5,False,40日趋势偏弱,核心：整理成熟+40日趋势仍活+稳健5日上沿；2%-6%单日加速仅为中等证据,137,False,未入选：未满足二级结构筛选最低资格条件
000510,新金路,17.06,-0.01444251877527436,0.10349288486416541,0.058312655086848464,-0.12197632527020075,0.015476190476190421,,0.13924830560690069,-0.0773391022174148,-0.38743267504488343,0.28778877887788773,0.013244639781433643,0.020319949147155736,-0.010052427832772381,,-0.053799223516361794,True,False,True,False,False,False,3,0,1,0,0,4,False,40日趋势偏弱,核心：整理成熟+40日趋势仍活+稳健5日上沿；2%-6%单日加速仅为中等证据,138,False,未入选：未满足二级结构筛选最低资格条件
002222,福晶科技,66.59,-0.014211695040710515,0.07437883188125216,0.14396151863940898,-0.12840314136125652,-0.26662995594713645,,0.09172328597899934,-0.05813295615275815,-0.4648826743812279,0.2500648172154525,0.025716068114078006,0.023514134118066687,-0.06502408058883835,,-0.05799971707455076,True,False,True,False,False,False,3,0,1,0,0,4,False,40日趋势偏弱,核心：整理成熟+40日趋势仍活+稳健5日上沿；2%-6%单日加速仅为中等证据,139,False,未入选：未满足二级结构筛选最低资格条件
002980,华盛昌,96.96,-0.03010903270981302,0.02354058904254175,0.27344365642237967,-0.0014418125643665958,-0.19213464422596238,,0.13136358805399084,-0.10047314222098536,-0.2867966164030894,0.6171445404556166,0.030316554560234632,0.011717738538297162,-0.03124352271464803,,-0.06210098665118979,True,False,True,False,False,False,3,0,1,0,0,4,False,40日趋势偏弱,核心：整理成熟+40日趋势仍活+稳健5日上沿；2%-6%单日加速仅为中等证据,140,False,未入选：未满足二级结构筛选最低资格条件
301183,东田微,220.88,-0.016124721603563485,0.07546986074593431,0.368101579436358,-0.002303627083427351,0.047867545898761854,,0.10243454294901246,-0.17851829812555786,-0.2347560975609756,0.5646363402724236,0.03911989066847932,0.043935318141546276,0.0013028242715287242,,-0.07457683928272163,True,False,True,False,False,False,3,0,1,0,0,4,False,40日趋势偏弱,核心：整理成熟+40日趋势仍活+稳健5日上沿；2%-6%单日加速仅为中等证据,141,False,未入选：未满足二级结构筛选最低资格条件
600367,红星发展,38.39,0.01132771338250782,-0.03736208625877635,0.28308823529411753,-0.10009376465072661,-0.30891089108910885,,0.17936250675310625,-0.12070545121392573,-0.42175026359391476,0.4036208732694355,0.051147253710092544,0.04245302371379367,-0.012372524298185361,,-0.07583052479537788,True,False,True,False,False,False,3,0,1,0,0,4,False,40日趋势偏弱,核心：整理成熟+40日趋势仍活+稳健5日上沿；2%-6%单日加速仅为中等证据,142,False,未入选：未满足二级结构筛选最低资格条件
600397,江钨装备,18.33,-0.01926163723916552,0.08077830188679225,0.19413680781758957,-0.042319749216301106,0.30277185501066084,,0.14444444444444438,-0.08350000000000013,-0.4234035860333438,0.3157092018301982,0.015146900008307096,0.03860657957789049,0.04198638788861464,,-0.05124223602484479,True,False,True,False,False,False,3,0,1,0,0,4,False,40日趋势偏弱,核心：整理成熟+40日趋势仍活+稳健5日上沿；2%-6%单日加速仅为中等证据,143,False,未入选：未满足二级结构筛选最低资格条件
600487,亨通光电,66.9,-0.006534006534006487,0.13563062298421347,0.22955339092078675,-0.13071725571725556,-0.3613974799541809,,0.12494157968530918,-0.07353552139592834,-0.46415698838606323,0.31036534570986557,0.06401590457256501,0.02715815529072696,-0.04315407890934453,,-0.0618426588136306,True,False,True,False,False,False,3,0,1,0,0,4,False,40日趋势偏弱,核心：整理成熟+40日趋势仍活+稳健5日上沿；2%-6%单日加速仅为中等证据,144,False,未入选：未满足二级结构筛选最低资格条件
601208,东材科技,47.74,-0.011184755592377749,0.059476253883710584,0.21383168065090263,-0.15950704225352108,-0.198320738874895,,0.17142857142857149,-0.09737190395159767,-0.40599726266019665,0.38433962264150945,0.015075163190236385,0.025104439759457753,-0.021414038814687286,,-0.08823529411764697,True,False,True,False,False,False,3,0,1,0,0,4,False,40日趋势偏弱,核心：整理成熟+40日趋势仍活+稳健5日上沿；2%-6%单日加速仅为中等证据,145,False,未入选：未满足二级结构筛选最低资格条件
603052,可川科技,57.51,-0.014395886889460252,0.05970149253731338,0.11066048667439166,-0.18575676058332147,-0.3583621555282829,,0.08654867256637169,-0.06624452021432059,-0.522619739354196,0.17774585346741545,0.00686298539864838,0.014482690209304483,-0.07875799793723459,,-0.05020644095788607,True,False,True,False,False,False,3,0,1,0,0,4,False,40日趋势偏弱,核心：整理成熟+40日趋势仍活+稳健5日上沿；2%-6%单日加速仅为中等证据,146,False,未入选：未满足二级结构筛选最低资格条件
603306,华懋科技,75.51,-0.008143964271640436,0.07702182284980763,0.11932997331752171,-0.17700272479564028,-0.2365015166835187,,0.08635135135135136,-0.060704067670108164,-0.37132628423944714,0.3167892156862746,0.01832060039243988,0.013840463852984763,-0.05522839014996883,,-0.05529838608782689,True,False,True,False,False,False,3,0,1,0,0,4,False,40日趋势偏弱,核心：整理成熟+40日趋势仍活+稳健5日上沿；2%-6%单日加速仅为中等证据,147,False,未入选：未满足二级结构筛选最低资格条件
603936,博敏电子,16.97,-0.03414911781445651,-0.052484645449469625,0.22086330935251786,-0.11291165708311557,-0.2208448117539028,,0.14167160640189688,-0.1297435897435898,-0.44360655737704924,0.2886435331230283,0.00399349208696953,0.042103862108742396,-0.04182790851952323,,-0.08517520215633434,True,False,True,False,False,False,3,0,1,0,0,4,False,40日趋势偏弱,核心：整理成熟+40日趋势仍活+稳健5日上沿；2%-6%单日加速仅为中等证据,148,False,未入选：未满足二级结构筛选最低资格条件
688112,鼎阳科技,66.5,-0.030470914127423865,-0.019752358490566113,0.3157894736842106,-0.07613225896082254,-0.05054254711593387,,0.11217110324665344,-0.09523809523809523,-0.27059339695075135,0.5573299838507088,0.0666025101247043,0.0451083595085926,-0.0010990736379337118,,-0.07304153889043763,True,False,True,False,False,False,3,0,1,0,0,4,False,40日趋势偏弱,核心：整理成熟+40日趋势仍活+稳健5日上沿；2%-6%单日加速仅为中等证据,149,False,未入选：未满足二级结构筛选最低资格条件
605178,时空科技,67.35,-0.0022222222222223476,0.03615384615384598,0.04841220423412196,-0.3183198380566802,0.0569679849340865,,0.1479114713216959,-0.08553971486761724,-0.4544349939246659,0.19327006039689382,0.00979054530188761,-0.03351044529824887,0.006007086762859881,,-0.057778399552322446,True,False,False,False,False,False,3,0,0,0,0,3,False,40日趋势偏弱,核心：整理成熟+40日趋势仍活+稳健5日上沿；2%-6%单日加速仅为中等证据,150,False,未入选：未满足二级结构筛选最低资格条件
